Response_ID,Rating,Feedback_Text,Age,Gender,Region
dbe04294-a5cc-4320-a7bc-1ccbe58db588,1.0,Always pressure at from letter buy will.,19.0,Male,Coast
3abf1eb3-afa1-453c-885b-1ad414d2e7ca,,,32.0,Other,Western
1eb348f3-87ec-4d15-8fb9-3db44e537efa,1.0,Decision system door keep suffer ground else listen health main thank why.,52.0,Male,Nyanza
7131c76f-c0ff-4806-9f31-051493734054,2.0,Story exactly those today outside continue try.,40.0,Other,Northeastern
0e761923-829a-4153-a08f-345a8cf69478,5.0,,58.0,Female,Northeastern
b1db6a31-c694-48d2-aa4d-c4b558ba595c,4.0,Our job hard term management off address perhaps end song television forget whole.,62.0,Other,Central
89470763-1d95-4a8f-ba93-60ae4ed6fa0f,3.0,Environment project their important discussion energy.,18.0,Female,Western
d9657705-9614-4c6b-b7d8-cf6f1d163b76,1.0,Become during out after indicate new partner.,39.0,Female,Coast
78329b72-9dcc-43d4-8e1a-27828ac62d46,5.0,Present enter store these of opportunity already song price late scene what whom.,18.0,Male,Rift Valley
a6de0d0d-ffd0-452e-b62c-074c896c8c03,5.0,Policy radio information car player sound pass their Mrs.,60.0,Male,Coast
24209010-4505-4e22-bf74-230cf9a12fa5,4.0,Several player person economy blue ok practice.,42.0,Male,Western
48da7673-9cac-4649-b5d6-0f6f0281794d,4.0,Collection trade couple best reach arrive east blue bar.,65.0,Male,Northeastern
813b264c-8f10-4d70-ab59-72b5e244eda3,1.0,Three can ever she of phone rule.,64.0,Female,Nyanza
e03309c4-0bef-484c-9799-2ae46fc46acc,1.0,Recent could reach spring allow international as system suffer some prepare.,37.0,Female,Nyanza
d9f1ea17-73e9-4f4d-ba62-78ff1a804a9d,5.0,Office back language Democrat old the eight save nice church response their.,24.0,Other,Northeastern
3fc304a5-1e65-4c3e-ac37-16409ef36c28,5.0,Boy north should scientist floor order strong marriage above before tell herself through anyone.,31.0,Female,Rift Valley
efeb042b-cc63-4fbc-a22b-bd686bbcc548,4.0,Can second describe I rather industry country establish anything million although born leg.,51.0,Male,Central
f613b25f-3e42-4493-aacc-5ac7dbe40086,1.0,Town tell seven involve rich letter report institution better method tonight project receive.,33.0,Female,Northeastern
b97ae305-accd-491d-b600-cf5b31b840b4,1.0,Education some year drive group this power need say return look none.,44.0,Other,Northeastern
958834bf-6d64-47ad-9593-0742eea6ab2a,5.0,Instead walk lay property letter manager.,49.0,Male,Eastern
e8f1404a-ee87-411a-b346-ba7c656cc2ae,3.0,World skill evidence same change close article old prepare feeling learn.,21.0,Male,Central
d35df5db-5c95-41dc-a5c0-9840f2622289,5.0,Top theory behind fine respond increase his door.,27.0,Female,Nairobi
a5247557-0f72-4b8d-8ed9-d4de70fd1da8,3.0,Job poor them clear edge energy general.,63.0,Female,Northeastern
22e633df-f654-48ba-9c28-0c58dd8e21d6,1.0,Close visit job voice total yard like history oil relate.,35.0,Other,Western
50f4c909-8ed4-400f-9cd3-0a8ffc0066fb,5.0,Indicate agency mention prevent amount knowledge us media list.,23.0,Male,Western
7c4bfb0e-a7b1-4175-afc4-81304c5e3ffd,4.0,Claim trade want fund save race under accept television more check.,20.0,Female,Eastern
bce6a0cd-516a-47d7-8dbf-7da641671c88,2.0,Beautiful person long lawyer building audience return choose those public.,32.0,Other,Rift Valley
6cdae115-1498-4b16-82d3-59b9387033c5,1.0,Think growth adult might red scene finish contain anything think.,51.0,Male,Northeastern
cb345ca0-49b9-4b21-9b12-bcdb6921ebdf,1.0,Election author somebody research character fly already use guess guy.,44.0,Male,Central
df7ffdd8-1b45-41b3-ae01-1c50f7dd8e0b,5.0,Mother west true sing article sure central expert list picture any.,62.0,Female,Northeastern
353b6b7b-0555-4cb8-ab31-d918d60973c8,2.0,View really difficult billion particular food include matter magazine teacher follow worker across.,,Female,Nyanza
c12f0d27-33ba-4ff2-91b0-1d83b59b0050,2.0,Into cup stuff begin hard executive at beautiful bill relationship half government through.,47.0,Male,Nyanza
60eecc27-4d4d-46ea-ac36-79446aae11ef,2.0,Pull start course arm issue until.,65.0,Male,Nyanza
f844e958-17f0-4ea9-8521-92d849588080,5.0,What bring hundred least list activity own another.,23.0,Other,Northeastern
7b239b3c-493a-422b-8ab4-317278ce5b55,5.0,Remain represent anyone find improve three.,,Male,Rift Valley
91ede2cc-e324-4a0d-b3af-b4457d29acd1,3.0,Where more school my teacher exactly group.,24.0,Female,Nyanza
b90c2a74-159c-4cb7-b091-083f134e99d3,3.0,Have population successful little decade already lot no.,50.0,Male,Coast
c67a9157-4cb1-4cf9-83f7-8fc2f4123edc,3.0,Perform young whatever prove push feel personal professional camera middle mother keep both these.,26.0,Male,Central
cc15fb8c-2a31-45ca-813c-1709246825fa,4.0,Authority thank still newspaper program moment wide boy network baby do line.,58.0,Other,Coast
d59b3631-d8b0-4021-a35c-63fffeeec4c7,,Finally question president standard then people scientist that half long.,43.0,Female,Rift Valley
fc3abf09-8a0c-4088-ba11-2d54bf7416cb,3.0,Just write school should test share special program.,22.0,Other,Central
c546cda7-bd4a-46eb-9feb-40e18e13e121,4.0,Across rule knowledge far each stay tell include music sound key start let information.,55.0,Female,Western
51723aba-65da-4206-93b8-35c1aa508b79,4.0,Standard finish interest third design network now decision specific operation.,54.0,Female,Rift Valley
c62baba8-2329-4eea-a94a-90b3bf42debb,5.0,Two its population experience mouth stage.,21.0,Female,Coast
c9814efd-a392-40cf-9a96-69d0793df695,2.0,Others whether history site professor find evidence ahead travel offer onto dog picture thank.,45.0,Female,Coast
ce8db54d-c808-4849-9853-c53fbb1b7722,2.0,,60.0,Female,Nairobi
43d6dba4-8ce2-4b44-90a0-06b23ef967ef,3.0,Recognize Democrat hard thank realize year.,26.0,Male,Nairobi
2ad5349a-9f43-42b4-a65b-ed9708dc187d,1.0,Admit up begin play information community rise thank season onto.,33.0,Male,Eastern
9f8ff13b-9f9d-43b0-8406-4d0dcb553f1f,1.0,Yard significant necessary human trip present watch.,36.0,Other,Western
ff749c10-b90a-4640-845b-fc0a93111478,1.0,Gas increase special benefit him answer market shake computer woman agreement bad remember.,34.0,Male,Nairobi
3cb32109-f09d-4aab-b4ff-d7ada4625c6a,4.0,Since during number feel soon hundred media play different wish score.,38.0,Other,Rift Valley
58db6882-da01-4536-9126-60ca42e86b2c,4.0,Left feeling government first pay despite ready summer voice successful open.,43.0,Female,Nyanza
5ffb7fee-9989-4e34-a3a7-0ced023f2964,4.0,Home Congress now everyone rule concern information live next.,62.0,Male,Central
8fcc29a3-f23b-42de-8dcd-07f0e1fd3fc5,5.0,Citizen seat people will college practice official listen night game painting arrive structure.,65.0,Female,Northeastern
f9b61859-5229-45b5-bae4-b9574d19b4a2,4.0,Campaign outside might throughout what yourself administration.,38.0,Other,Eastern
f9d68e6c-25fa-4b36-982a-a913321a831b,1.0,Tend affect read again growth girl word doctor cover believe goal beat sense.,38.0,Male,Western
b76e4e20-04a9-4ac1-8f3f-56f4c53e341c,1.0,Middle after remain again accept bill develop artist of child focus glass.,46.0,Male,Rift Valley
5f796dd7-0dcc-4e91-9962-a8b2b5bdf8ac,2.0,Civil generation candidate white pass reach.,35.0,Other,Central
3536a85b-542d-4000-a419-b7b6c7591d82,1.0,Actually easy place son court also seat.,32.0,Male,Nyanza
b64b49d8-7567-43c4-85f9-87714ce86db7,4.0,Window simple write home him attorney behavior them book.,,Other,Coast
028e6f8f-7261-428c-b6c1-fcc5b114cf74,4.0,Thus between leg open begin team gun.,30.0,Other,Eastern
ad1c0ca0-c9e0-430e-9bc3-c6d616b46835,,Hospital table avoid hour coach smile religious nice natural know.,26.0,Male,Northeastern
3c0861c1-7020-4f7d-bb94-667798d2c8e4,5.0,Skin sit accept traditional everybody whose Congress spend instead medical force argue.,55.0,Male,Nairobi
f1b3e84d-8ce5-413c-930b-eea96fea0af6,1.0,What population study cost water yard account.,24.0,Other,Western
9e68dd0a-d4c0-45a5-94d9-1ef350518eff,5.0,Trade let say positive strategy little cost day face.,27.0,Female,Central
9b8cf308-ae80-4f7c-a426-e2370342b566,1.0,Poor wind treat interview fly receive.,24.0,Female,Central
3e6cc5f4-56cd-471b-9a6b-7dad462072f7,2.0,Star professional other unit create you paper practice example both.,28.0,Male,Nyanza
0987c4ad-ffd1-4689-a10d-481f39cd713b,2.0,Rise ever thousand truth write job.,46.0,Male,Central
dbb97bdb-be32-4760-8a6d-4ee34f894734,5.0,She support century race design next thing heavy reduce.,47.0,Female,Central
a814b8a5-af8a-430b-a68e-ff480c4bdd3b,4.0,Write fire fill air address how kitchen bar.,38.0,Other,Central
b41712fe-ed3c-4455-bf85-3d9b855ec362,3.0,Animal grow stock blood southern economic store relationship light play election unit them.,44.0,Other,Nyanza
afaabcfe-1a75-455f-aa89-31e3bd488993,1.0,Door market always traditional floor you far mission.,25.0,Female,Northeastern
c21697f3-5063-4d9c-86d1-fc05f414d258,1.0,Throw film week loss then management store necessary apply administration kitchen street office.,52.0,Male,Nairobi
a0bf433c-ca54-4b8d-82d2-d5c219e2e6f1,3.0,Ball by agreement party nor those probably open baby hot.,40.0,Male,Western
d9f8970a-08fe-4d80-83fa-586c2bf4356a,5.0,Civil development experience poor baby into up amount ability pretty eat old.,31.0,Male,Nyanza
04eef88d-45d8-4c85-baca-bc935b6e86c0,5.0,Stage instead dinner specific person moment minute rise.,46.0,Female,Western
971688c1-7fe7-4c71-9d8f-df3fa455bd59,1.0,Tree door look particular alone sort whose.,37.0,Female,Coast
6365fbed-84cd-44b6-9c34-60dfb6906409,2.0,Candidate explain performance music exist can none arm improve.,47.0,Female,Rift Valley
8fa61113-a47c-42c5-ad64-74c263bd7678,3.0,Pm time dark attorney college natural.,34.0,Other,Northeastern
37690eef-2466-4d7c-8c1c-98aaf9e257c0,1.0,Read television moment girl century one early education.,25.0,Other,Western
ff1d5a31-e56f-4adf-8b44-59fa34606e2b,2.0,Race reduce new its plan bill.,23.0,Other,Nairobi
cce36929-5515-47b3-8579-350581c30fc9,5.0,Suggest none eat occur reach student once.,28.0,Other,Western
b916411a-5877-45a8-9d99-41b20bc87ede,2.0,Send film other toward option add if foot avoid information black.,61.0,Female,Northeastern
c62756f8-6628-4b22-84d8-718db52aaa90,4.0,Trade language might ground city fight.,37.0,Female,Eastern
ef9ee63b-00e2-43df-a2dc-c932533cc8e1,1.0,Product parent remember town town standard relationship leader close system up PM doctor.,63.0,Other,Nyanza
2ad1e3b0-52b6-4fd0-8b4b-e8077f18abb1,3.0,Suggest significant significant school either sort hard arrive remain card.,62.0,,Nyanza
1cee93b5-4c7f-480d-bbc6-6402d26f7216,2.0,Arm early increase hand board attack.,56.0,Female,Nairobi
91785df3-8534-4871-88d4-577302c5f183,5.0,Interview finally two have our watch drug discover pressure individual better could expert.,20.0,Female,
99a1c4ee-8848-4588-b631-b88fb81c693a,2.0,Anything appear thousand say finish spring piece.,31.0,Female,Northeastern
6a2b0be8-69a6-4cc5-b71e-b0b90a1bedf8,5.0,Throw as recognize collection group here perform decision else window wall.,38.0,Male,Coast
d604a89a-ccd7-4a8f-9e9d-0fcd63de7ecc,4.0,So morning enjoy write high couple.,27.0,Male,Rift Valley
f15bf866-827f-4b7f-9058-d4de48c3ebc1,5.0,Thank grow account ok bit catch suddenly theory job sport night.,23.0,Female,Rift Valley
7b075bc7-7587-4fb3-bb39-29863b0020f0,3.0,Determine exactly as prepare put manage.,63.0,Male,Central
d46678db-5b35-4ac4-a249-a37f3efa58c3,4.0,Four assume series help official speak nearly.,33.0,Male,Eastern
fe6d8cfd-c031-48e3-abcf-b0eff96b40f9,2.0,Difficult about challenge budget with evidence week threat read.,40.0,Male,Eastern
c57473a0-7e59-43e9-b453-fe483523dc38,1.0,Page decision option catch sort rich could late reveal themselves research think key.,43.0,Other,Northeastern
3de946ed-a4ec-4a69-be21-2aaf25fed7c6,5.0,Space camera factor visit so window at report.,50.0,Male,Coast
69c1f2a4-ebde-43f6-a556-3b72a647889d,3.0,Strong report lead idea cell quickly hair.,21.0,Male,Rift Valley
18cf0b79-1f1e-4928-bec1-d133169bf075,1.0,Fight town this increase strategy environmental compare standard usually field special officer camera.,61.0,Other,Eastern
8a1ef77e-f7d9-47ba-a421-6d1605d9f48e,1.0,But upon science by claim student some here all score between them memory.,37.0,Male,Western
8e560d10-bbc3-4118-9f49-07a9ca336db6,4.0,Church public night recent crime light husband shoulder teacher.,34.0,Other,Eastern
276901fb-d5b8-403e-993e-a92f1d0328dc,2.0,Ever gun eat while develop why current plan structure another just yet rise.,29.0,Other,Northeastern
148f65bd-abde-4b60-8c40-80b8cff79ae8,1.0,Something tend many authority democratic right outside scientist mother us.,19.0,Male,Northeastern
e895cedc-8ac5-4af7-b0aa-941037f99c68,3.0,Green lot lay different record along indicate fire poor policy under you.,43.0,Male,Nyanza
c2292e01-2d66-450a-905f-710f52d0726b,5.0,Together issue church mission his believe choose nation level company.,46.0,Female,Nyanza
e0152de9-ad49-4512-981d-92cf7ddab73f,5.0,Leader she almost wide book beat action firm rise.,53.0,Other,Nairobi
,5.0,Serve space worker trial do nearly model already loss guess add.,65.0,Other,Central
fa7bca46-55eb-47fb-bc0e-2ccc6ef04ad2,4.0,Hope full by tree summer blood crime conference story decade south debate note.,53.0,Male,Nyanza
5b5253cf-155e-478b-bcad-0690c4ad8945,3.0,Process result huge including walk oil theory occur can hope popular.,33.0,Female,Central
2b99a5ba-30c3-4f9a-9269-291c1a6afe60,1.0,Deep occur analysis attorney language industry these fire research concern cut.,24.0,Other,Western
3085bb4c-7168-43cb-b2b5-9fa0c296c874,3.0,Find be themselves everybody senior statement describe agent tough each contain.,47.0,Female,Coast
8e1e3385-a19e-420f-afb6-0513c84ef09e,4.0,Talk body quality surface everyone know outside leg wide whose upon.,24.0,Other,Rift Valley
9cb7e97e-b824-4e48-859f-01ee717eed5b,4.0,Close goal police group without kitchen bit father development kid memory assume.,26.0,Other,Western
47439a8b-72d8-4909-8697-fc454116a917,2.0,List coach race yet thousand explain environment above accept society would.,25.0,Male,Central
d3288d70-0492-4ebe-84ed-13d3fd4b9d39,3.0,Ground data save air since under mention hold order hit manage.,18.0,Other,Central
add81c93-cc52-42dc-94b2-2e0fd11b4d0b,5.0,Over skill study feel cell simply investment send itself can.,21.0,Male,Central
e1945c68-57ea-4966-8bdd-3be28f4fad4d,4.0,Talk newspaper religious perform enough coach page course such light which.,32.0,Other,Northeastern
d6887ff4-13bf-4d6f-a1d8-7a7708e8c468,4.0,Interesting national itself animal health reality itself matter pattern game.,26.0,Male,Coast
f998f697-76f5-4e09-9f2c-fd81e843d037,2.0,Picture where consider page know use pay audience throw and hear size.,30.0,Other,Western
de40bdbf-63d6-48b2-a2da-20e5a1ed47d6,5.0,,43.0,Male,Eastern
e3840242-5608-427a-897a-7cf5203cc924,4.0,Company near involve choice just public.,41.0,Male,Northeastern
a56225e5-9cb7-48e7-860b-8deea4496fd7,1.0,Beat fly economic record although development book.,61.0,Other,Coast
6f6738b1-36bf-4403-acc9-6112a7a46dc5,5.0,Minute nation front leg simply amount general event choice start.,58.0,Male,Nyanza
8b02a5d0-65d1-4290-ab40-7c8274b64554,3.0,Total appear protect camera medical cold get morning address picture answer.,59.0,Female,Nyanza
3ac14e9c-ec79-4997-8ea6-bf5dead81389,2.0,Bit property affect even air capital country six thought meet oil.,,Female,Nyanza
4fad0d31-efc6-47ea-a501-aa0cf5d44a78,1.0,Instead owner race week son street drive.,55.0,Female,Western
7108d056-29a1-47d8-aee1-f60c70a4e8ae,1.0,Despite fear customer husband successful eat gas daughter dark rate successful.,55.0,Male,Central
b472d69b-2d40-4f12-a8f2-4c518b454861,3.0,Become professor science concern skin present detail per bank walk wear.,34.0,Other,Eastern
09e1f905-89ce-4819-845f-58d0439cc3c8,2.0,Camera professional early job case dinner father.,22.0,Female,
51fa4f8f-b067-43e0-9fca-8ef155133415,4.0,Life personal enough worry foot dog education question mouth seek those pressure fill.,19.0,Female,Western
97af3c52-b32d-416b-9912-91740478b290,,Organization though such course good sign whose season former.,22.0,Other,Nairobi
0f0c2b5c-a8ba-4b6c-95e0-a4bd61e48ac3,4.0,Just computer statement call history record writer street nearly I we long.,30.0,Male,Central
3c5b096d-e497-414d-b863-2a5c656df5fb,3.0,Key get born already add perhaps idea.,,Male,Central
e71be244-4315-47d7-b124-8a5a929c70e5,3.0,Once process owner lose energy whether behavior quality writer possible least student.,46.0,Other,Central
f585e270-a71f-4e65-8dbf-4a4dde5056d0,1.0,Worry live build game evidence toward professor choice prove investment.,26.0,Other,Nairobi
89d645d7-cf70-4391-9274-422bc7c3e66c,1.0,Information grow cold any buy determine pull picture behind.,23.0,,Central
f12e074d-0568-48f4-a7cf-550044aa1857,1.0,Line body past month election age help assume attention.,39.0,Male,Nairobi
34e2c73f-066e-4574-83b5-b721556ef29f,3.0,Important ahead positive church move alone law scientist.,25.0,Female,Central
7949b727-bfe6-4b46-9672-4f5fba5f3b81,4.0,Color upon seven response put gas language answer be perhaps such concern.,20.0,,Rift Valley
e36d546a-d431-4056-80b8-24aafa61dd66,3.0,Throw ready despite foot several coach young pick which write.,47.0,Other,Central
e2df4453-e93a-4d07-98f1-2991368f4255,3.0,Partner firm best analysis raise partner film forget high people.,21.0,Male,Eastern
90b94005-f896-434c-9751-3c00c7acaf71,1.0,Look without about hope very power care approach beautiful key choice fast.,28.0,Other,Nairobi
83ed260e-5467-4d36-82e8-1705e684c7fc,2.0,Smile material notice impact security either.,54.0,Other,Rift Valley
e2f6b6b2-c38e-426f-ad9f-ed28c79d8a75,1.0,Good any build again serious property my and political right follow hospital leave.,45.0,Female,Coast
e77d7050-d2f9-4b1d-941d-d12e3d8cd48b,2.0,Charge evidence important game pretty personal local third goal season view.,64.0,Other,Western
6495a8d6-9ffb-42f0-b05c-c887a51f3a41,4.0,Identify purpose wall American head candidate provide across best policy.,43.0,Other,Nyanza
750eb7a1-313a-42da-b90c-870c33d616a9,4.0,Lose our against church drop better think ability mention time somebody brother.,49.0,Other,Nyanza
00939246-2bc2-4fc6-8bba-0ae705dee78f,5.0,They father movie past positive operation record could full minute federal on.,19.0,Male,Nyanza
0aba67b9-12a9-4e32-b3e0-d56323590f30,5.0,New check ability long affect only.,42.0,Female,Central
7c6d2ec5-e0ca-4f93-becc-772929e2bd6b,5.0,Girl might plant some follow modern discover ball particular represent college management defense.,61.0,Male,Western
4662c5b3-b043-4ec8-a753-03be9f67c237,4.0,Employee our whatever carry positive power.,45.0,Other,Eastern
e2316433-1485-4c22-aed3-393cd054f4b6,1.0,Add perform attention chair across capital best process machine.,29.0,Other,Central
b007711e-7880-4e14-8d98-094fd9251cc6,1.0,Statement year hold expect wife man wish how team which feeling form without.,40.0,Other,Central
,1.0,Use wide Congress build worry at learn during meet.,31.0,Male,
96a0fb6e-98d0-4f46-83b1-04226751bc3f,3.0,Third bill water partner education clear view create back market some than throughout.,29.0,Female,Central
54caeb36-1d6c-46dd-8652-8095ea0d8ed3,5.0,Sure adult soldier card indicate fund look already.,35.0,Male,Northeastern
959736a0-9c60-449e-91ee-a29798f601b1,1.0,Difficult realize big maybe no hear your suffer.,35.0,Male,Nyanza
1cf1c797-118c-47e8-b504-f8c3240960d1,5.0,Hundred wind role million compare difference figure majority.,46.0,Female,Coast
1fe63ca8-16ff-4ff1-b392-4b0a8c3bda8a,5.0,Become red middle contain wrong at size yard.,27.0,Male,Western
c6338af8-1975-4392-aaa8-b6288073eb91,3.0,Employee so it teach language media drive present anything relate night student.,20.0,Other,Eastern
fbc4f65e-d6ce-44dc-b52d-18b70b73309a,4.0,Theory son assume fight sense sea member mission method four explain their.,57.0,Male,Eastern
9de04225-1005-4869-bc6b-b0322702aa4b,1.0,Poor feeling human practice treatment attention Republican.,57.0,Female,Central
3b44b0c0-67ed-4747-90d1-74014119ee42,3.0,,57.0,Other,Coast
47741a88-efa9-408e-97eb-3dc23ea6eabe,4.0,Trouble indeed rate speech raise eight industry learn that usually away service.,33.0,Male,Nairobi
553dee0d-2f8f-4004-acfb-c765d38a3c2f,4.0,Remain stock job week somebody everything oil.,59.0,,Western
dd9b163a-82c9-4b74-8267-56e10747e980,1.0,Ahead reveal tough local turn time company return wife animal design military explain.,36.0,Other,Eastern
597ade70-a330-4a55-ac23-e7d34bf52d53,5.0,Situation use stop rise mouth important foot situation.,49.0,Female,Central
248738fc-d269-4095-8c4e-5cb3cc0540c8,2.0,Opportunity best oil half manager right water head.,44.0,Female,Coast
2c99affc-c84b-4191-ad11-73768bcf5db5,5.0,About be should research either three wide.,53.0,Male,Central
98519418-e181-4b9e-ab04-221b1f862520,,Week baby increase lot drop fill daughter race.,48.0,Male,Nyanza
bf029828-5d46-4fb6-99f6-4290d36ffbc8,2.0,Huge around my make budget difficult open space.,21.0,Other,Nairobi
fc01b517-89c9-4e6b-bff3-d475f965c357,4.0,Government strategy small its necessary amount crime cold.,23.0,Female,Coast
70e8b45b-7d8b-432f-954f-668067e05de3,2.0,Human between world accept their professor garden against since yourself center military.,35.0,Male,Coast
9c5af3a9-decc-45da-878e-0d77e531f02a,2.0,Because plan better which easy far technology true picture the movement while.,42.0,Other,Nyanza
88d88090-184c-4b61-a727-0d971f8c284f,3.0,In wide trade something conference worker shoulder add prepare just ball.,26.0,Female,Central
6f4c44c4-4c71-4643-a4df-8cb0572c6712,3.0,Glass wonder strong yet with sell yeah.,44.0,Female,Nairobi
720423ab-2d67-41cd-b9cc-5ae0a36f9fd7,3.0,Deep first door quality again argue beyond smile attention look red behind born.,30.0,Male,Eastern
83c57676-568c-4bcf-b876-e6d971298b30,4.0,Large customer start senior possible age father consumer kid.,59.0,Male,Eastern
5cc65507-5c38-4575-b827-5ce2dcc0dda1,2.0,East cut conference later color talk trouble turn hair.,51.0,Male,Northeastern
da57cb98-ced7-44ee-b1cc-56881b0cd083,1.0,Official simple although finish arm stuff outside young water table industry until.,33.0,Other,Nairobi
779acf65-8147-44db-90d7-7a8c49c7ae3e,2.0,Early live travel around surface available offer question key summer moment.,58.0,Male,Eastern
dfc1d2d5-73ce-4e98-9518-da8a954edc87,4.0,Process war although factor economic enough challenge.,52.0,Male,Western
ccb28d07-03de-419e-906d-25cffafbef9f,3.0,Someone soon store who author own early toward participant.,19.0,Other,Nyanza
5380c35b-7210-4008-967c-467e5994fb5e,4.0,Process around drive get do sell.,42.0,Other,Eastern
186771c8-42eb-454b-bfff-9eda8b8c0441,3.0,Save special deep western citizen drive personal key even anyone idea institution security.,63.0,Female,Northeastern
214f9aa7-5e22-4d7f-9b8b-eaf0b3f4479b,4.0,Hand pick fast anything land buy seem space know.,40.0,Male,Coast
4fedae27-2b7d-4a3d-9bc6-0ebe98c8f692,1.0,Miss participant plant training open during long size fear anything coach.,48.0,Male,Eastern
40a70378-aa2c-41cd-815d-417935361203,3.0,Each half pretty produce begin majority bad education help need just several right.,52.0,Other,Central
cf9ca3ac-4359-420e-96af-6f3c6bec7713,3.0,Arm act action election what television he.,49.0,Male,Rift Valley
fdbdc557-ee51-460b-aec7-067a387072d9,2.0,Activity write push team discuss total current during ability seven yard use eat.,40.0,Other,Nyanza
9f80dba9-1c80-4611-93a6-57c0c413cb38,4.0,Wonder article defense weight loss policy exactly song laugh.,54.0,Other,Western
3aced7af-50b9-40ed-ad1b-69cf83bb8c1b,5.0,Purpose traditional threat job time require example one decide may whose.,50.0,Male,Coast
7b80b738-2c92-4614-bb80-56455df72a4f,5.0,Experience fill drug child color involve eye can government since.,,Female,Rift Valley
3cf713c0-6b04-44aa-b6b0-f3e1ed5418b0,2.0,Only example her expert baby across we help song skill.,42.0,Other,Eastern
20973d8d-e965-4113-8482-26a50c62e6f7,4.0,Base space time letter challenge air pick cup company nearly lose across.,35.0,Male,Rift Valley
d99c8c92-81ce-4824-a630-123ca6c60ee6,1.0,Budget probably note control exist feel wonder drive result.,29.0,Female,Western
b7178a21-251e-417c-b3c0-952619131261,2.0,Data effect like movie run in discover like budget society team.,19.0,Female,Nairobi
0b1a40a3-ec2c-415d-9b31-b1191cc8d7d2,3.0,Society summer region impact sport every across fact less these once shoulder feeling.,38.0,,Nairobi
d8c5c819-8564-4ec8-b5dd-19a62143bd9a,1.0,Arm government image every body summer treatment.,56.0,Female,Coast
ba4d55ec-5d85-414c-91c3-674f59cf74fc,4.0,Certainly our be add live air group science evening without yet.,32.0,Male,Nairobi
cbaa3cf0-3496-4d6d-98b5-e8745c53bba1,3.0,Near reduce feeling evidence officer machine power federal real.,19.0,Male,Eastern
81f2665b-e2fd-4e8e-a497-336351d46109,5.0,Situation act wind man product as government month let paper.,35.0,Male,Western
6efa1c47-d14f-4101-991d-7a773bef02ef,4.0,She contain fear million beat whatever show power claim compare any create.,21.0,Male,Northeastern
f791f830-03a8-4996-bcad-37448a8161af,3.0,Choose maybe chair wait such use same.,48.0,Female,Eastern
cf73542d-3f4f-4794-9be6-816d40b5f26b,4.0,Someone attorney card eye after free end ok decision near group receive final.,51.0,Female,Northeastern
e3983c85-af96-4b1d-bb71-f58cbd7a554b,3.0,Suddenly career hour exist simply color majority could away.,40.0,Other,Coast
7beb7616-adaf-44e7-a03a-68a02eea67a0,4.0,Indeed measure some future officer per.,55.0,Female,Central
5a36cf52-4937-4175-95a1-56a2a6383165,5.0,Sea week note think maintain form power name.,32.0,Female,Eastern
4ba7d73b-805a-4ca1-a9b9-5f8f7281bd2a,2.0,Wide land term language artist pattern cause all stock decade drug all.,28.0,Other,
b2a836d0-2bef-46cc-a4bc-877a76895043,3.0,Near help bad image what work long century their wind.,24.0,Male,Rift Valley
f04c4e3f-fc5c-41f5-a9a7-1f2865e6ce73,3.0,Full art resource official east seat along.,33.0,Male,Eastern
5fd10084-72f7-4e37-b502-b85f4d123c46,5.0,Politics eye car attack live letter explain air site mission least meeting practice car.,60.0,Male,Northeastern
6f708671-8716-47b5-8bf5-f307299e8072,2.0,,33.0,Male,Rift Valley
92a2ce51-ccb6-48e5-9c7b-9fa0cb122694,4.0,Matter song her head almost begin will all grow.,35.0,Male,Eastern
f67cfa1d-ed87-4cc1-b96d-e2dcfa16385f,3.0,Read want region heart senior member say.,52.0,Other,Western
1b4205cc-798c-42de-a1eb-783ac01fbd2e,2.0,Food each pull star should forget that must deal visit listen.,65.0,Other,Eastern
6f0f7b49-4478-41b5-bd42-4095d3ed3d83,4.0,Turn benefit front institution section baby police loss better goal note.,21.0,Male,Nyanza
c27a0534-9c2b-4596-b2ec-bda64caa3a0c,3.0,Car debate rich focus southern simply every nothing wall agent current.,32.0,Female,Central
79fa7cb5-fa01-4935-a487-14fa89cf9592,3.0,Talk building image glass effort ability up just music.,54.0,Female,Northeastern
5acc2611-a9aa-4362-a0be-f6d12bb6bf2d,4.0,Radio never American account employee majority administration spring.,42.0,Female,Nyanza
f8fe01a9-2dd9-4c22-a343-bbf77caccbb1,5.0,Easy main option many whole share talk difficult water.,40.0,Other,Rift Valley
ef8d4a84-76ab-44dd-9f4d-561313801ded,2.0,History interview stuff born night skin.,29.0,Female,Rift Valley
b201fc8a-3159-44b4-bf8f-e5715c0a5468,3.0,Hair guess large eat medical win.,29.0,Other,Northeastern
9f331ea7-6fa7-44e8-9a50-48ba24b070d9,4.0,Tend know level two something movie argue.,33.0,Male,Eastern
31d7612e-ba54-4492-8bdb-bb8f646ee487,3.0,Every decision officer writer important test.,55.0,Female,Central
168c7b38-971c-4504-aba3-7816bc8624a6,4.0,Water physical wear the soon impact mother child event.,38.0,Female,Coast
b55c742d-4f2b-47b2-98de-738db28a81c5,3.0,Chance leader nor town arm fish five whose early crime often data political.,65.0,Male,Western
b040d3f0-8e7a-4afc-af14-6a4347a090e5,1.0,Between make who one two fund decide wish it wrong.,62.0,Male,Nyanza
,5.0,Quality a majority around cause radio country start run family card.,40.0,Female,Central
5cac8446-dc71-4e34-b5b7-b9ac4444b0b0,2.0,Firm how piece cultural usually what through without fish.,55.0,Female,Coast
64c75a50-b81c-424b-bd74-272b010ae956,5.0,Where likely yet only move seat treatment yet season require.,19.0,Female,Western
e5b845d8-0cff-458b-99c6-e13a24fa7c30,5.0,Pm fund exactly the main back by wall end maintain wrong must.,63.0,Female,Eastern
608317f3-b2fb-4162-872a-45510730882c,2.0,Reason say account all everyone when husband adult east full stock over.,62.0,Female,Northeastern
761fed3f-9414-43fc-a2a7-24f6ee25dd3a,5.0,Bed dark short carry must situation course.,40.0,Other,Nairobi
a6004e84-6c7d-4d2c-856b-b31279baa5a7,1.0,,54.0,Female,Central
29788147-3167-42b5-81aa-996333b58fd9,4.0,Nor compare couple power home safe question address economy father environmental.,54.0,Female,Eastern
21806fb3-fc23-4837-9bf9-f167a7b3d30b,2.0,Card though mind successful son black strategy sometimes too.,27.0,Other,Nairobi
1eb1c96e-6efa-453c-8c27-fe312b3fe29b,4.0,Entire ground certain PM marriage person any our mother response herself.,54.0,Male,Coast
63252bcc-748d-4a69-98f7-2d856166a4b6,3.0,Woman yourself attorney night nice benefit phone me street gun form garden wonder.,30.0,Male,Central
19ee599e-a0b2-4cb6-877d-2cabd3eafcfa,1.0,Must have himself many politics difficult not about follow own nice crime travel.,49.0,Male,Nyanza
ceeaa7aa-0bc0-4ea5-ba0f-cf758e9c848d,4.0,Senior let read not ability this professional arrive.,52.0,Other,Eastern
32ed1092-203c-4a5c-9617-c88a2fcd4afc,4.0,,37.0,Other,Coast
8c4992e2-ebe1-43cb-96cb-364c5e96c20e,2.0,Prevent continue heart mean range effect lot small national move.,29.0,Male,Coast
a1aaacb3-b96a-4610-a64f-f5a6466a97bf,3.0,Foot article affect situation enjoy writer send fear reflect gas.,49.0,Male,Rift Valley
a2813a3e-7ea1-4973-934c-08d8ecaa1d0c,2.0,Coach choose increase light economic try realize war discussion land ground plan at.,20.0,Male,Western
835b43ce-9449-4568-8f9c-0e205e509b75,3.0,Pretty suggest window case hold result.,23.0,Female,Northeastern
53e44e7d-b7c9-4d87-8563-79d37c5c4320,2.0,Loss rise nature fund program institution different bank.,21.0,Other,Coast
6da279cc-1f0e-40db-8792-a86ca08a0b6f,4.0,Win space should development computer table.,32.0,Female,Nairobi
6b07710d-769c-47b8-9901-aa235787b4cc,4.0,Apply run detail seat early because your likely street chair behavior teach evidence.,56.0,Other,Eastern
8a13b6f0-97c6-4f01-9c0a-0c76ceafd7b8,1.0,Soldier so camera later yeah conference food interest election never Mr paper fall.,32.0,Other,Eastern
ec4f6a44-ce37-4a0a-bdf0-d1e956f81bfd,4.0,Subject less avoid dark wrong increase sign catch style time student fight.,19.0,Female,Rift Valley
a5a76d22-608f-44fc-b281-b95c89897c00,5.0,Describe road actually task something may money particular.,51.0,Male,Nairobi
480642eb-3217-477b-867b-31a96de62ed3,4.0,Shake able realize more space suffer value five may.,48.0,Other,Central
,5.0,Way girl although particular car bring.,18.0,Female,Nyanza
d6a3069e-7cbf-4b6f-9aef-5f1357034d94,4.0,Road member one everyone under environment daughter.,39.0,Female,Nyanza
749749fe-3556-45c1-ba9b-0d115e90bcfa,5.0,They tough question eat blood consumer question.,57.0,Other,Nairobi
ac657562-f1c5-410c-9449-2982a333ef0e,5.0,Relationship owner especially and anything look long main scene read care.,30.0,Male,Western
760f0c7c-f39b-4be5-aa7e-fc7f6c1717a5,4.0,Plan rock picture hour sing order none trade authority fill.,26.0,Other,Rift Valley
0246a1ce-39c7-48d0-b058-aa6589a711fb,,My audience list card either south agree town once science risk study live.,39.0,Other,Western
ce038369-d8a4-47ec-9e7e-ff6e9939e7aa,1.0,Sing arrive home decide might evidence kind party fly lawyer.,63.0,Male,Nairobi
567d46f4-3870-4104-a962-75844e892808,3.0,Five air writer general attack success PM her bar least know newspaper morning.,29.0,Female,Western
bce8a34b-79d7-4f3b-a4d1-4e533567a5e0,5.0,Front that do church social group.,38.0,Female,Central
,5.0,Alone choice scientist perform where traditional million in age agree time.,21.0,Male,Nairobi
fd923771-9152-42d4-b365-e71c62d4203c,1.0,Few trade today sport store issue so magazine town trouble section clearly student.,19.0,Female,Northeastern
91e51047-d45b-4a84-991d-d911ce066d1f,1.0,Movie force indeed for team carry win game.,27.0,Female,Western
a9cbdaf2-04db-4303-a9d3-379613696b31,2.0,Administration board drop let open wind thing threat development.,55.0,Male,Nairobi
e9cf5836-344c-40d6-aa65-1526e948c988,3.0,Particular question recognize smile themselves choose forget pretty tell commercial way street.,63.0,Male,Central
a68bea6b-f683-470d-9186-6afe4d8b34dc,2.0,Network local see administration into theory talk many visit read sport accept.,27.0,Female,Coast
576c42ae-4f64-4740-8d5a-04f5296d0f40,5.0,Beat without best soon like purpose might such world number.,25.0,Other,Rift Valley
2447f4b4-8cb8-4aa7-ad80-ef4620345f07,1.0,Explain continue ability campaign all mean religious call term practice yard work.,51.0,Female,Eastern
a618e2ba-0768-4b7e-a611-3901f6352c47,5.0,Degree assume expert compare start key interesting.,41.0,Male,Northeastern
78f8a491-382e-4e72-a816-a541d8e6a7ef,4.0,Sign offer month majority theory example game trip movement few foot save.,22.0,Other,Eastern
e17a93c6-8d16-4656-ae79-c924648575e2,3.0,Actually wall various thousand peace hit think receive bar yet.,41.0,Other,Eastern
89f702c1-e38b-4d8a-bf15-ebae8fae5d6e,4.0,Space something whatever relationship single always accept prove.,63.0,Other,Western
e00a7175-4b3f-4a14-8c64-455fd69f0c56,1.0,Argue decide information true machine door firm public man.,60.0,Other,Nairobi
b5574589-fe3e-44da-8a23-94de9aa3ced3,1.0,Professor if traditional factor need recognize body.,43.0,Other,Coast
8e269078-49f3-4206-9d1d-2cfa90f1d557,,Need since ever pressure institution sense strong bad film.,55.0,Other,Coast
924b1689-6ee8-4f32-8440-0921347a9c46,3.0,Again Mrs owner research church keep avoid concern big stop tough cause arm.,24.0,Other,Rift Valley
fddf6c61-1429-4890-9847-12b04c3bffde,2.0,Choice more pattern it raise pull everybody.,39.0,Male,Northeastern
d114e1a6-1524-42cb-9015-8d5cf2ec34c9,5.0,Peace place home movie difficult half carry act evidence.,37.0,Other,Northeastern
748dba79-7fdd-4ac3-aa0c-f9cf699c2f33,5.0,Account power old usually never matter.,38.0,Female,Rift Valley
cf8d43e7-0d77-45eb-bcc6-42b2f87207c3,5.0,Yet evening play central wall east start court continue range.,26.0,Other,Western
9591c412-c1a8-48b2-b4da-af2d5b432abd,5.0,Teacher perhaps use foreign doctor be specific by event six.,28.0,Other,Western
aa907eb7-d0b6-4154-b754-6e45652e4e87,5.0,Scientist operation best fine mother test somebody describe leader professor.,64.0,Other,Nyanza
3d0f47f3-ac08-4155-9177-f88af7c89957,2.0,Represent listen trade boy rule door have Congress hospital world let during.,45.0,Other,Eastern
ab29b32c-9d5d-47b9-8152-3fc49c7c3a85,4.0,Smile until sit visit teacher arm cell price movie realize.,58.0,Other,Nairobi
37ac8122-9842-40a8-a3c5-8709db92b5bd,3.0,Medical those apply already successful television serious sell learn upon to fear away.,49.0,Male,
34d17323-84b9-4689-9491-71494b1ae65b,4.0,Bring relationship meeting head above we make rise.,59.0,Female,Central
572ea68a-e441-4a5b-9391-5b2d81e1a958,4.0,Boy bring short more require three.,38.0,Other,Eastern
5b8b44ba-72cc-4e21-a205-1a544853ec0f,5.0,Her other go organization there every serious month choice wall really.,29.0,Other,Coast
2bde3ff0-f8f3-454c-96c4-2550ea351f8a,5.0,Much board attorney television view sure age.,63.0,Male,Coast
3f77f517-d90b-4a17-94dc-8a627b349a5e,2.0,Even always early risk interesting work.,53.0,Female,Rift Valley
7a85e6a4-c3bb-42bd-a517-4fb70ab3191c,3.0,News chance red skill door research measure.,62.0,Female,Northeastern
ff4acdc4-c08d-467a-977a-141fd6ad8d9d,1.0,Than with according professor protect operation nation.,57.0,Other,Coast
6d132bd4-2fb5-499c-9143-0804deeccf22,4.0,Common no should theory pull task even trade forward information news important later.,40.0,Other,Rift Valley
e2422aeb-08a5-4b34-b9d1-5f135a0df330,1.0,Produce card ten central house myself picture treatment personal.,32.0,Other,Rift Valley
ba14e262-80bd-4df1-9910-64732d26f8ab,3.0,Product since pretty process speech rich relationship tend man any look herself both.,60.0,Female,Nyanza
89a8290b-e569-42d6-9819-b4a7000fd556,4.0,Most middle race sport staff relationship artist traditional difference.,55.0,Male,Eastern
c30e5c21-42a9-47f0-a16b-ca9784994f7f,1.0,Area around gun start environment act kid play sell event.,29.0,Other,Nyanza
77ae8e3a-165e-47e9-ae28-67b68a722ecc,1.0,Spring place activity church drive glass wrong player over technology.,42.0,Other,Western
,2.0,Government notice summer fill entire fine agree support brother evening decade.,37.0,Male,Northeastern
9a34b242-a787-4f46-a612-1111d6667fda,3.0,Film gun wife deal right blood else child.,64.0,Male,Nyanza
283f1944-290e-44aa-8d73-416cb86916ba,3.0,Cover affect listen past we service.,62.0,Other,Nyanza
195fdf69-df4d-4ce6-a65a-0bb1a4244dc6,3.0,Raise apply purpose many late me.,36.0,Male,Nairobi
7f828184-aea5-4b0f-886c-5c4f083cab8a,4.0,Law may case reason assume before something collection possible bad degree some.,26.0,Other,Nyanza
b3dd4393-f344-4a72-92ce-987527966802,2.0,Pattern need itself news focus full identify position middle sea dark.,29.0,Female,Coast
d715865e-28ca-4c93-9843-a98c1969809b,5.0,Baby instead science from item police list.,64.0,Female,Rift Valley
c2e72f15-a5b7-4eec-b437-b0cb61216f99,4.0,And action major quite medical necessary politics parent.,18.0,Male,Coast
e4076e0b-086b-4d1e-96ea-bc7fd657853d,3.0,Parent exactly move theory action site fly quality down security minute certainly.,62.0,Male,Eastern
78c5c048-0d84-42be-956f-40874c30b4c5,4.0,Across wait financial game sign among face know center specific stage dream car.,54.0,Female,Western
65218f34-7142-4c7a-9749-de2cacd20c28,1.0,Simple join sister worker item growth explain.,43.0,Female,Western
be5af60e-7175-4169-9d58-82550f7e72b7,4.0,Meeting many center attorney could bill whose help wait environmental movement notice.,54.0,Male,Northeastern
2ad6f817-41f5-4c04-9717-9d1254f544fc,4.0,Life security give same teacher family shake agree budget strategy value traditional specific.,20.0,Female,Eastern
47898080-0fd2-4053-8743-5da85b14e55d,3.0,New reality remember eye the much space safe friend suddenly wish spend entire.,29.0,Female,Northeastern
b90db957-b3fd-41a1-b51f-96e32ec1526e,1.0,Because seven see whole market hospital local financial those decision.,56.0,Male,Nairobi
f0dea039-7867-4ab5-bbb3-4e23d65ed525,3.0,,38.0,Other,
24c0239f-a4b2-4452-8f12-9b76244aeb54,1.0,Travel free to later wrong him budget guy stop model or.,57.0,Male,Western
f64fbe61-3b80-4a65-81c7-8414abfdeab7,1.0,Else heart resource lot new season former national.,32.0,Other,Rift Valley
54f7070f-47e3-4388-b181-2a3962b4ea90,1.0,Police surface population could human couple him number public low push decade together.,58.0,Other,Coast
6b2de22d-6966-479e-ade1-16a86a7aac54,3.0,Do share player true moment child finally nice.,54.0,Female,Eastern
,1.0,In case employee produce system a fly.,24.0,Female,Northeastern
,2.0,Check woman crime probably rule development and because experience.,49.0,Male,Coast
ed722122-c185-4d76-9c7f-9826cf8b39e4,2.0,Especially perform hard make economic song energy real boy.,27.0,Male,Central
6cbfd2b2-cb21-4d23-8009-a600027fa5b9,5.0,Bit somebody then ability push street blood enjoy even lay ten.,39.0,Female,Nyanza
770619fa-9b04-46ac-8cf1-15d944c7227e,2.0,Main plant western yeah instead stand choose short instead moment space admit.,65.0,Female,Northeastern
13fa05f4-3af2-4486-a67e-9c304ba615a7,5.0,Usually him too trade senior painting environmental parent.,22.0,Other,Northeastern
a1fc86b2-34c1-4628-a8d0-8e0eaf5d198e,2.0,Management seat society discussion know grow child relate what employee bed attack prevent.,33.0,Female,Western
ec5aac0d-1f67-4c2e-ab25-ef688b7a8fdf,3.0,State card as remain beautiful spring.,40.0,Male,Rift Valley
57f91147-ab21-495e-9248-bb8d25d29650,5.0,Type field car line be truth avoid Mrs avoid stock military name wrong eat.,38.0,Female,Central
7d531f07-801d-4949-b668-e1fdf501fcb0,4.0,Point allow Mr learn smile suddenly.,28.0,Female,Western
3b3d1a12-05ca-491d-91cb-8b23624b7b56,4.0,Test race enjoy church degree skill west big expect sign back hard bank.,58.0,Female,Nyanza
4922b5fc-8f74-45a8-9472-22a8e9550259,2.0,Perhaps strategy simple have close leave.,23.0,Male,Western
05016716-1f88-4d62-98ad-a87d732e615d,4.0,Two mean degree according break need into word.,63.0,Female,Western
450cf113-a62a-45b1-8539-0a4bc53282da,2.0,Guess pretty pass even piece stage yard site prevent ever.,60.0,Other,Western
1c8590d1-076a-4a13-ab0f-9effd0ab8dae,2.0,Something reveal federal his table energy system agree writer meeting community.,58.0,Other,Rift Valley
fb630c04-45c8-48eb-9586-8f96d1d73169,4.0,Specific Mrs agreement decision college mother must meet including first sister collection ready.,64.0,Male,Western
eb2bd33d-ee01-47e2-9d5f-32104fc839b7,4.0,Police free particularly sing teacher hospital color yet yes.,39.0,Male,Western
a7a790e6-f14c-40db-86fa-5d7fe28bfd08,1.0,Ok agency such true party deal.,46.0,Female,Western
8ae70489-e126-4f98-aa30-dcce51c58c18,5.0,Allow baby stuff always board national budget fly trial imagine care assume.,18.0,Female,Western
870f9897-df0d-41a8-b883-c1be5e430172,2.0,Hour city authority support quality fund free health many nearly small believe animal.,34.0,Male,Northeastern
8c61eb8e-2d80-4592-bfc0-3978f512f706,4.0,Drive better baby place final poor human first international policy consumer cover age.,31.0,Other,Central
c6186c4c-203d-44c5-b851-39b17fd3d4e3,5.0,Certainly growth senior risk thousand number.,33.0,Other,Coast
d0553c22-955f-4216-8793-31fbc5f5c643,4.0,Culture throw both produce tax agency develop.,62.0,Male,Coast
f5515274-40fc-4457-9980-01b2fda5bccf,4.0,Lot season get move play administration any.,22.0,Male,Coast
8aea84b8-21f0-4bc7-ae01-714b61a619c6,1.0,Position lot new national capital its stage ten side summer measure.,40.0,Other,Nyanza
ce7ae8d2-8e51-4480-b706-0585a918a3aa,2.0,Interest citizen she cell fire cover attorney.,34.0,Other,Nairobi
46f82aca-4661-4da4-ac27-480a2dc1bd38,2.0,Mouth address foreign century avoid event cover tough catch away.,24.0,Other,Nairobi
2f095d48-d106-48c8-96ff-9c6e4ff9b21b,3.0,Man this street blood operation score minute type world.,64.0,Female,
21af8e20-f0a9-460c-9673-fe18d8b04122,1.0,Too task forget decision report wear guess want.,18.0,Other,Northeastern
ddda713e-af51-40ef-b54b-40f48264300d,5.0,Receive write bar couple building tend business start perform rise past high.,21.0,Other,Northeastern
fe52a166-6d2e-4ec0-934d-6faf8b9a69a5,1.0,Should want where pressure finish year attention level cause.,42.0,Male,
6c828888-2b45-4f32-8d3a-359d316541d5,,Option administration television eye author never answer wait item win peace new investment.,46.0,Other,Rift Valley
3d42acc2-70c7-41f1-8bc4-fb3119f19339,2.0,Skin produce themselves participant new main heart grow debate office section.,64.0,Other,Nyanza
777e62ef-9987-47bd-9c4b-8f2ea485d5bc,3.0,Century black really camera cup power.,44.0,Female,Central
4c101893-28f0-4649-83d5-c0f1734ce513,3.0,Second let minute not begin soon effort pressure require eat employee performance owner truth.,28.0,Female,Rift Valley
6ddccc3d-45f0-48a8-92e5-04fce6471f03,2.0,Yard lot candidate cultural authority national that against several support.,44.0,,Eastern
9e9e7678-6822-4f1d-9cad-55715b549185,,Crime dark article build fact student bar fall dog American increase road.,49.0,Male,Western
df1efe8e-59dc-4281-9b1d-d841617b7eef,1.0,To once billion sure economy open little main fire car.,42.0,Male,Central
32ff2111-fc7a-4124-9663-b85f84156ec1,3.0,Say operation least budget agency trouble billion.,40.0,Female,Nairobi
510f902f-0765-4031-ac72-c902fa7ec158,4.0,Everything commercial whatever scientist third religious cold term art clear trade.,52.0,Female,Eastern
a3994c60-30c5-4ffe-a68e-9a3c0c3437e0,5.0,Particular gun doctor tell range outside very add doctor.,42.0,Other,Nyanza
bc357c67-f881-4ffc-9165-55ca34eadac6,3.0,Class word letter training authority then three cover similar space as season.,24.0,Other,Nairobi
6e885c9f-a414-4e5e-9600-25e535a57d31,5.0,Will appear three lead fill lay appear leader.,48.0,Other,Northeastern
5ba60434-ad4e-44ae-aefd-7882c7649269,4.0,Staff end easy wide smile because thought.,54.0,Female,Eastern
3eb694fc-b267-4015-be4d-538968d36d42,5.0,Out sure environmental born face heavy young baby according their service.,59.0,Other,Central
a6ac702e-8f82-401e-a5cc-f8e5aa8bd90d,4.0,Scientist general prepare cover blood trouble off there stay.,61.0,Other,Nyanza
1d06a215-3465-463f-8567-5a3e36bb5fdb,5.0,Evening them bar usually thus situation recognize.,32.0,Female,Coast
5f0e06e1-8a5a-461b-84e9-d0d596a22450,1.0,People fact book popular after deep thank four authority.,28.0,Other,Nyanza
fdf07095-2de1-4576-ab62-58d440ee2945,3.0,Could chair inside technology song candidate cell.,46.0,Female,Northeastern
427c01a3-998e-48b4-8804-e39c4d6a871b,3.0,Memory send others edge prove some.,22.0,Male,Nairobi
6f74ecd7-0bff-40dc-a206-0dbf81aeab90,4.0,Commercial fight cold political site say card likely need might learn stand bad.,20.0,Male,Nairobi
04a63927-f9be-48bc-b69b-4eaf35e5e3b4,5.0,Serve defense wife particular result PM key person cost activity my certain.,36.0,Other,Western
954b4f4e-772e-4449-a7a4-189936a913c7,2.0,Song heavy region prove money meeting.,19.0,Male,Eastern
320d9a32-ee0d-4379-81ad-ec120651bce8,3.0,Or form in give left future.,38.0,Male,Coast
7e68120e-a3d5-4feb-b085-ae3e90fdbf3e,5.0,But herself whether church group which indeed before fly water must.,34.0,Female,Northeastern
28ff2771-b2e1-4e5b-8303-e37dec195fa0,5.0,Office writer executive let send yeah table material.,24.0,Female,Northeastern
34babc89-033a-472a-b938-106a88b18faf,1.0,Heart themselves law difficult consider certainly.,22.0,Other,Rift Valley
99f8fa68-cb8c-4d66-995b-df50085f0d0d,2.0,Matter Mr bit star able help feeling spend community.,39.0,Female,Central
80739ee9-ab07-4eb1-b9cc-d65b6bc24581,3.0,Situation usually reality why memory evidence.,28.0,Other,Rift Valley
755076f5-8631-4f87-86f4-1b6a310c85ed,1.0,Article other rather including science technology sing senior generation sometimes.,42.0,Other,Western
d0f8963b-a90d-44fa-a2f7-3edc4bc5f146,2.0,Expect item risk under PM party bed share there.,28.0,Female,Rift Valley
371825fb-8da1-4997-8de2-fbb4e4524e47,3.0,As dark painting deep season or until view.,64.0,Other,Nyanza
532bd21c-600a-4935-9ec3-a3b678fdc5cd,1.0,Rule fine head various include spring open attack another traditional money.,22.0,Male,Northeastern
74b668e4-f241-40e4-801e-1f2e46a42999,2.0,Light than adult hard music consumer how most beautiful.,53.0,Male,Northeastern
d66f6766-dba8-44da-ab26-3f61ac13986c,3.0,Career effect do fight yeah soon identify anything.,23.0,Male,Central
36a4289a-2909-4b44-a903-cd42f113717b,2.0,Next treatment vote similar throughout simple thus himself or soon Mrs energy.,39.0,Female,Nyanza
6370d556-a4b8-408d-a987-c140f895dbf9,5.0,White drop rich how TV tough attention store activity.,56.0,Male,Eastern
15df018b-0086-4727-9c18-f13375c89146,4.0,Nor around spend though beautiful bad.,57.0,Other,Western
49609057-f81a-4fd2-8209-b850f01b353f,4.0,Perhaps identify off appear prepare read drop third offer quickly.,48.0,Other,Eastern
b3fa4785-8c15-4446-9bb6-fb5164211cb1,5.0,Free laugh follow throw leg skin rate mouth create resource industry.,63.0,Other,Northeastern
e85c0f09-ea1d-4855-8b60-313a02bb1fc6,2.0,Husband her be strong data teach change end officer account away lawyer these.,19.0,Female,Northeastern
f9420ab6-8290-43d1-a6d5-e943656889a2,5.0,Industry people magazine one former boy by.,45.0,Male,Eastern
,4.0,Lose student whether despite break listen official daughter admit.,59.0,Female,Rift Valley
53fb96e3-ad31-455a-a031-36e6f465678b,4.0,Month method describe easy develop voice wait culture control human behind.,28.0,Other,Nyanza
7f8ae38b-03bb-446a-a962-b5f515a8753e,2.0,Four guess adult material discussion less.,56.0,Male,Central
756510ae-38a3-4eaa-903c-b05abd813a98,4.0,Many art place system benefit network.,45.0,Male,Central
84bd2a2a-cc49-4107-af5d-6b9f1ede981b,5.0,Fish born likely page among career rich recent common.,28.0,Male,Western
b448c410-7c92-44af-9e65-d9cb8928a385,2.0,Option city occur white who third represent.,21.0,Female,Coast
f679a0f2-e028-4138-8434-e8d71ec1e46a,5.0,Member summer down ten attack beat argue water work rise build perhaps create.,24.0,,Rift Valley
033199f9-9904-485a-8318-8322848c0f2f,2.0,Everyone author state majority need group your team worry middle interview democratic.,39.0,Female,Western
418c4ffc-4bf3-445a-a2c0-2375dbebcaa4,4.0,Pick report north whose citizen magazine there stay stuff indicate the standard series.,31.0,Male,Eastern
2de65407-1844-40d6-9a17-9cca6d3be3ef,3.0,Worry meeting top third establish report party three foot kitchen per couple.,30.0,Other,Eastern
a4822ac7-0f34-418a-9990-740a814d8c92,2.0,Finally loss shoulder can city claim store million rest.,44.0,Female,Western
7414d07f-c41f-4768-b952-15e49b74611a,2.0,After through live explain art treat land firm.,62.0,Male,Central
989c52a9-ff29-4da6-a117-1c03dd054061,3.0,Million himself establish mouth capital but wear include place model.,53.0,Female,Central
48d5e009-6a03-4bf1-856b-374dc966542e,4.0,Road blood best him east choose.,64.0,Male,Nyanza
ae9b021d-8038-4b2d-9226-6ff8d8a43985,5.0,Throughout address situation tonight teach thus weight network enough choice.,64.0,Other,Nairobi
2b6e3502-0ede-4ae9-a829-f167cf870a2a,1.0,Onto push peace surface may senior experience daughter best help item.,52.0,Other,Central
2e8e6a6d-3efe-49ab-99a1-53f474d2b63c,3.0,Next single ok people affect law born special.,34.0,Other,Eastern
a804baff-b3d8-4040-98ae-368139d28bed,1.0,Still near first these event herself second.,60.0,Male,Nyanza
c4f41d9b-b6ea-4691-ae78-e0625809bfa3,4.0,Sound whether evening else economy support participant.,36.0,Female,Central
e58159da-7aa7-4b93-9e4b-4fe4867d2580,2.0,Student song black significant take face certainly notice leg spring season author similar time.,37.0,Female,Northeastern
7fe536f9-4e37-4273-a282-4fc3cd687c1e,2.0,Each similar their able check film commercial guy sure protect.,33.0,Other,Nyanza
22c34601-197c-42bf-97b0-4ef1701a252c,4.0,Pressure black wall better weight chance by.,24.0,Other,Rift Valley
9a1f25f8-6cc0-4716-bc08-85ad594d972c,5.0,Significant western many financial gas letter thousand conference take those woman morning.,21.0,Other,Rift Valley
67481340-447e-4c85-b131-23d467cacc0d,5.0,Brother our policy activity speak law summer expect.,43.0,Male,Nairobi
df01db31-d079-4107-ab7b-60bafafb5307,4.0,Single if whatever beyond your trouble.,54.0,Female,
8cae4586-d844-4da6-9a68-e13bd6a75c45,4.0,Part power protect unit series enter though start find player strategy fast.,53.0,Male,Coast
8fe54fa5-d320-4a90-9b0b-f1cba70b03f3,4.0,Likely quickly feeling community now arrive already capital add rest tree forward.,49.0,Other,Central
e180911f-53d6-4282-a02d-7c1073a9882d,4.0,Assume expert state air inside explain part tree hope affect finally begin.,27.0,Other,Nairobi
11159c06-f38e-4ce8-9a22-27750493357b,4.0,And card develop run light town maintain difficult wife image learn event.,21.0,Male,Western
a96bd498-f2db-4fa7-a0b7-90fbd3c953d0,4.0,Allow treatment pretty style thing particular during reduce actually light home.,41.0,Other,Rift Valley
151c7c24-95ca-4c95-a397-dcb91b99056f,2.0,Network late forget employee fight particular available.,18.0,Female,Nyanza
7240fb25-21db-4c86-bd08-453b12c4a010,1.0,Quickly level color right toward pressure conference alone at.,45.0,Other,Coast
a2a47ad2-99bd-41b7-8563-3690d03b6bb9,5.0,Owner begin sometimes pretty management action.,23.0,Female,Nyanza
369fb4ca-5348-4ca9-bd30-188febd3236b,1.0,Town bad three brother not too provide continue administration prove medical paper.,36.0,Other,Northeastern
c4088792-d9d0-4a9f-b3ae-d327af257b56,2.0,Common main they discussion force high letter station technology oil.,60.0,Male,Rift Valley
3d429275-994b-45cf-b5fb-5e68ca31dc59,3.0,Machine institution score these room type space whether near.,58.0,Other,Northeastern
c35ac5f0-261a-450d-b246-c942dcebb1ee,1.0,Wear among car memory similar around nice woman money five several.,56.0,Other,Northeastern
e7279144-d905-4103-ab4b-69e436d93b7a,3.0,Even national picture same difference north heart course television.,48.0,Male,Rift Valley
894271ac-7dcf-40b9-aec3-5eae9a513507,2.0,Talk later us shake hospital participant identify.,30.0,Other,Northeastern
c501d593-cdf3-4acf-a66d-666ff97972ea,5.0,Decision sing beautiful back over area test.,24.0,Male,Nairobi
97bf4189-5860-4eee-ab7b-39c92e35ede7,3.0,By value law company deep look evening.,19.0,Male,Eastern
6fccd681-6643-45fa-bd76-62fd5491c611,2.0,,31.0,Female,Coast
c8fa75f6-7e5d-4ac3-a9f6-97b5404fb64c,4.0,Very want relate support pay wide lead around girl grow couple training.,28.0,Other,Northeastern
26cfcfb7-05a9-4dae-b84a-546a5af06e78,5.0,Film relationship improve eight box go area cost adult positive heart.,58.0,Other,Western
531bbe5e-eb72-4650-a05d-fccf0dcb2903,4.0,It hand culture new house poor action maybe far act.,36.0,Other,Central
63ff1d93-ea2f-418c-bc7b-077c226650f9,5.0,Decade might win interest understand season off compare space detail story should.,23.0,Female,Rift Valley
1c5c534a-c9ad-476d-a573-93cfec73ae1d,5.0,Whether officer election through tend forward building brother.,48.0,Other,Northeastern
4fdea59c-acb8-4678-824a-ca105c45dedf,1.0,Production campaign if image so wear decade traditional seek skin available eight.,25.0,Female,Northeastern
bfcc239f-ec97-46b4-a132-04d3fe72d31e,,Continue loss hope rule continue herself together offer.,37.0,Female,Nyanza
09f9afe4-bca8-48a4-9b57-451292a6a780,1.0,Everyone good generation whole produce every.,43.0,Other,Nyanza
9685bf73-88e7-4467-a4b4-8777416891ed,3.0,Sister American together surface year animal.,48.0,Other,Coast
421a1022-cac8-40ba-92a5-67198c59ae08,5.0,Left may toward still cultural baby hear large always.,49.0,Male,Eastern
224b0f2f-a167-400c-9bc6-90920175ec85,3.0,Training style allow apply central beyond energy would best TV none book.,60.0,,Rift Valley
42fd330c-7b39-41ed-8420-d515062e3573,5.0,Against organization at after perform market provide article resource avoid here.,34.0,Female,Nyanza
6c6542f8-9bc4-46c9-93fa-82058363381d,1.0,Stuff all eat general professional already often feeling available boy and land same.,23.0,Female,Central
138f75c3-1eb2-4a1e-810f-39fba1a6f428,4.0,Stand trade his reality policy bring be exactly.,59.0,Female,Central
aa5ff677-da23-4f2c-9106-079483259a8f,5.0,Deep behind no theory lead a professor this generation southern receive.,52.0,Female,Northeastern
000d229d-7fb0-4808-8522-4e98e529e62c,2.0,Free meeting measure when former court near kind election yard degree board interesting.,42.0,Male,Eastern
17f2cbb1-0359-4bca-8340-3ef77b1f9307,4.0,Report go officer individual surface eight after upon record no wall central.,29.0,Male,Eastern
b04dedd3-5577-4cc9-a4de-0c7db7cb5b2c,1.0,Find woman walk leader growth other born bed memory.,41.0,Female,Coast
1fe3d2f7-5ca3-4025-818a-a38f5c6e72dc,2.0,National knowledge guy control professor around near friend something whatever.,,Other,Coast
1b6a0479-ed7b-4dab-b461-4682b951bf0c,3.0,True say so newspaper south learn that part so over.,41.0,Other,Central
c476c0ef-152d-42b8-a692-4d0205d6d248,1.0,Tell west respond loss year most media professional rise once.,29.0,Other,Northeastern
25d4cba4-b62a-4d4e-8f5d-131319a009e5,4.0,Beautiful board hard north us music heart agree radio assume fact.,46.0,Other,Western
02853c57-3877-4c33-bb5e-b5a3c7fac577,3.0,However company wear growth form finally poor stop public defense.,20.0,Female,
c0a2a990-d6d7-418d-89f9-c64b56f1e23a,3.0,Kind special understand trade add so billion her.,,Other,Northeastern
d72ebaad-6fbe-48bd-abfe-7645a6adebb5,1.0,Amount usually which experience move citizen off style add spend system.,46.0,Other,Rift Valley
dffeb0f3-89d2-408c-a832-45d878647ca4,4.0,Rest claim instead enough we executive past still beat door with free watch.,47.0,Female,Rift Valley
6d3f055c-fce9-413b-a293-f251ff7b2e44,1.0,According research agent north that west relate community along remember.,34.0,Other,Eastern
b1454c4f-2569-4366-bf5c-1363563c8b63,2.0,Often hair maintain read choose senior water sit compare event artist.,,Other,Rift Valley
0c00e304-9b13-49f5-9661-c2b0194a47c2,2.0,Discuss relate range either model wrong ahead painting always push.,35.0,Other,Nyanza
e834f392-54cc-4f17-af43-737354e6f92b,5.0,Any television could natural others so seven walk.,54.0,Other,Northeastern
e7ca915e-6bbd-4e33-bd40-708ce8dfd4f8,3.0,Article wrong final name be energy.,21.0,Male,Nyanza
6aa11cf6-235d-4f2c-9c69-4c2101bbba1c,,Whose it walk natural discuss deal option sell.,27.0,Male,Eastern
,4.0,Poor human away continue far education.,62.0,Male,Central
2da8229c-53c0-45d3-ae4f-7b225aacff16,2.0,Open happy wife economy per teacher majority manage wide ground prepare easy ask.,60.0,Other,Central
b679aa5f-ed22-4a23-bdf4-9572fb984a72,5.0,Source machine month fish end employee while build create without off practice miss.,24.0,Other,Nairobi
e18a0d6e-b241-45a1-89b0-3ec867bddcb0,2.0,Build source enough common here either central tree sport allow suddenly.,23.0,Female,Central
29a6d7cf-5968-4661-b5e5-2ab65da4f0a6,2.0,Look seek society certainly every collection brother.,60.0,Other,Western
,2.0,Animal way score upon team check agent strong close safe practice most tax.,40.0,Female,Rift Valley
dfaa7f3e-bf4b-49d7-924f-0f7f25665618,1.0,Travel difficult once drop admit instead small community election impact race.,52.0,Other,Coast
0747e92a-8bf2-4374-9f98-49fd5221bd9e,,Join spring sort challenge much article minute front imagine hair information enough why.,44.0,Male,Western
57e6542d-8b8e-449e-95a6-96af992b9bce,3.0,Tonight let edge speak turn realize purpose act feel garden.,55.0,Other,Central
89a0b596-bc38-46a1-9360-5da3b85adebe,5.0,Court many thank yourself teacher movie quality military ready plan local a hit.,32.0,Other,Eastern
d26a6fdd-e0ae-4c02-982b-d503c8983009,3.0,Left around capital away require voice teach agreement list.,53.0,Male,Coast
c95804be-fd19-4c3f-8f4b-3a5892d3ea15,5.0,Behind town sometimes fly attack whole owner economic.,21.0,Other,Coast
d9d87ba5-851d-4f3a-b26e-c4c10fa1d5ab,5.0,Close town present somebody tonight when agree wide throw.,42.0,Other,Coast
06764d5b-b84b-43b6-bc8f-9cb803f33f21,2.0,Without page full far out hundred its gas decade four politics.,51.0,Other,Nyanza
dd293ada-7788-41c3-82ef-b074e3ce3df1,3.0,High appear enough arrive response where environmental fine turn camera culture pass scientist.,44.0,Other,Nairobi
2e61bf6b-660e-4eb4-8212-46c18e0ad214,3.0,Range economy page world hold doctor purpose information catch.,52.0,Female,Nairobi
ebbd89f9-256a-4611-bf26-263eceab8fbd,3.0,Happy sing action city pattern Democrat.,61.0,Other,Eastern
2973e21b-81d1-49a9-b684-29710d2c6617,5.0,South away about matter Congress doctor cost might economy son.,48.0,Male,Coast
70f0d359-eb05-4cb1-8039-82917437b11d,3.0,Mission however expect speech fish break wall several prevent friend represent lose less.,54.0,Female,Coast
b15dda79-6727-4806-b1c0-c895528e5bca,5.0,Increase simply else partner feeling tax still coach none because.,33.0,Other,Rift Valley
31f882eb-609c-4f84-afbc-1c13068f2c34,1.0,Move along bad himself between sell down player remain least physical loss.,48.0,Female,Central
ee092c7d-efd9-4399-b158-b5e68c4f08d7,2.0,Already pretty shoulder father attack better career director edge hand radio for laugh.,37.0,,Coast
ceee3cd3-95dc-470f-8d35-0fbef6c34da6,4.0,Themselves good government identify share American network.,23.0,Other,Eastern
41577ea2-a00d-484d-9d93-554f2cfcf4ea,1.0,Interview minute she thousand time step real culture.,43.0,Other,Rift Valley
60beacb7-2405-46c2-9f64-3e174254a22b,3.0,Physical there word none require half.,63.0,Other,Western
9490accb-70fe-4799-be9f-a27fc96d2261,2.0,Thing top with behind claim history fire she.,20.0,Female,Western
67d96c9b-0e1a-49f0-8954-bd6921349156,2.0,Race energy charge play practice investment pretty mind soon international surface network recognize.,50.0,Other,Rift Valley
ed294217-af3b-4c11-a071-3f9d1892f4dc,2.0,Television sell model medical poor month one learn.,54.0,Other,Nyanza
0baa241a-4597-4e58-a510-65eb771b7e05,2.0,Time five quite perform sport coach art one population necessary.,51.0,Other,Central
45a1784e-07eb-4944-84dc-9a8d1ffd3f23,3.0,Raise every list production suddenly fine economic price back full officer career moment.,54.0,Female,Central
9ceb9eba-6036-4ae4-bb1e-08689a92e762,2.0,Born Republican fire avoid agreement treat already top newspaper.,61.0,Female,Central
60b6f852-f4a2-4f21-a9db-1902a3a423ad,4.0,Nature cell son letter event discussion reflect least open family method happy.,57.0,Male,Nairobi
367cf132-4b13-43cc-91a7-500749dc3136,4.0,Moment offer choose control teacher student think get the friend financial.,27.0,Other,Nairobi
8e63e791-4337-458f-8226-09aa289f265d,2.0,Capital hope catch budget purpose start job dog blood hot nor reduce.,25.0,Male,Northeastern
e9eaeb54-2718-4faa-93f3-76a0bd40040c,5.0,Dark late everyone wait wish catch.,46.0,Male,Northeastern
397924cb-adc5-406a-acf5-98ab36515b9c,3.0,According several control play form whatever candidate.,29.0,Female,Nyanza
3a094abc-548e-462a-8e0e-9fbe1164c44c,4.0,Either church your if rich level order smile analysis.,28.0,Male,Nyanza
f6a79bef-8416-4668-9a7a-ddeb360b13d1,4.0,Point word crime behavior store position.,31.0,Male,Rift Valley
8322b7c4-b73f-4a43-8f02-1fa86922627b,4.0,Growth mother garden cultural future sound television player.,30.0,Other,Nyanza
db26bcce-71b5-46e0-9b5a-c3660cd70afa,1.0,Picture must unit tax question board exactly listen special.,26.0,Male,Central
ac19b449-4a6d-46b5-adff-969e459bae08,1.0,Only network animal generation provide chair support.,20.0,Male,Central
c50afc7e-6ab4-407d-8f24-97ad9b313742,4.0,Beautiful child lay drug start foreign age surface land structure evidence staff.,45.0,Female,Nyanza
b9a465e9-0038-4487-a329-e2f7c3a1c40b,5.0,Center clear physical which film too third.,23.0,Male,Eastern
8e6a6b6b-c8c2-44a7-904a-b3b837087f31,3.0,Million just near serve security join night pass door.,61.0,Female,Rift Valley
fd095bb6-349a-4ac7-80bb-f0e8282d4dda,3.0,Economy vote stand project support would.,45.0,Other,Northeastern
f1b9f102-a47f-4681-bc65-74497af1fb78,4.0,Huge lead message through risk treatment think defense among.,30.0,Female,Nyanza
13649a01-8466-4ee7-8a21-30cff55fa83e,4.0,Sea successful address than international program everything actually agency its wrong.,58.0,Male,Western
78d03f50-12a0-4cba-87dc-4c227a935b13,3.0,Wrong culture most hotel sing notice seat.,27.0,Male,Coast
ef41d7ed-0ab1-410a-bc2c-28ae070b52d4,5.0,Place lot capital news appear specific expect.,56.0,Other,Nyanza
6e5f7a1c-3308-4892-902c-87ad08adef57,1.0,Investment drug outside bit price Mr today reach yes employee see.,34.0,Female,Rift Valley
5c831044-bec4-4e37-9b76-f14b27b06237,1.0,Ask her watch action western available quality deep president avoid member set.,38.0,Male,
58fa24fe-4f75-4cfb-9b1b-6060e1cafbc7,4.0,Radio there item statement lead travel according.,64.0,Other,Eastern
93ec58b3-cf93-486d-ada0-2b7088dad2b9,3.0,Enjoy fight few easy get shake understand figure attack suddenly act.,22.0,Male,Rift Valley
78c5c151-fd7e-4375-b40b-108da1120bb2,1.0,Control break final break play anything claim lay.,23.0,Female,Central
164b5b4a-dfd9-4781-a4c3-691bb73bcfe0,5.0,Rich smile support Mrs herself raise might star military unit interview behind.,42.0,Female,Rift Valley
38f4f57c-6e30-4beb-ad3e-2ea55ce345af,4.0,Dog game we campaign leg each figure generation media produce.,53.0,Male,Nairobi
11a0c841-878f-4017-8524-92a148866820,2.0,Step old inside career morning may and section agree take attack event rest.,43.0,Other,Nairobi
4f14bb47-cbf6-4eb0-ab82-d26fad9c8e73,4.0,Simple factor her sort bag pressure more father.,53.0,Other,Central
81952e91-a96a-4c18-834b-0f768af88f40,2.0,Light expect himself ability suggest free drive kid window nature.,38.0,Other,Northeastern
623311a7-1dd5-4063-938d-f26ab9e399f9,4.0,Skin war probably generation model act painting throughout thank.,35.0,Other,Rift Valley
164d047a-02df-4bf7-a446-71f112766f26,3.0,Citizen probably leader since rather send friend present wall.,51.0,Male,Nyanza
d76f90a5-dea9-42c2-b85b-d98405b71a2f,3.0,Cost ask employee service anything ground once chair hope success.,47.0,Other,Nairobi
d061e8e7-8bbb-42f5-a8c6-5a881eac7463,3.0,Itself line movie view save back his get quickly step heavy out top.,18.0,Other,Nyanza
d0f2e5a3-93a8-4b26-852b-97b2c5b7f0fd,3.0,Whom what imagine black happen pressure ever part international dinner media south senior.,62.0,Other,Nyanza
5dd9e468-27d3-478c-88da-58f81d3060d1,5.0,Probably recognize all by already back relate listen both manage relate money civil.,57.0,,Rift Valley
ffd78c15-f052-4ae7-aa01-5005b9ba0136,5.0,Media church set treatment note which model answer travel growth explain house subject.,55.0,Male,Nairobi
b979ef7c-ad34-4da0-ad93-35709c60a538,2.0,Speech first probably wall should drive.,51.0,Other,Eastern
b6236598-d9e9-46b6-9fc4-9813df7d61d5,5.0,Important parent technology character per coach wear.,44.0,Other,Rift Valley
e67cc28b-0ae6-466b-a93e-f70ef69f4839,4.0,My side raise glass standard end responsibility pattern official most.,25.0,Female,Western
a5db7ff9-9842-4653-9867-07a1b973dead,3.0,Candidate bill full without crime serve key offer.,44.0,Other,Nairobi
b12b6621-b03b-408a-9344-0f209e640f72,1.0,Policy board thank admit smile professional director former begin medical organization wall.,27.0,Other,Northeastern
30a5b98f-8cb2-47e2-8b90-23334a020260,1.0,Growth other bring list poor be explain full left imagine present.,27.0,Male,
d9684f1c-b5ae-4a3a-9451-6231010578ce,1.0,Type fear truth thank every war student base.,54.0,Female,Eastern
ba85ca49-b35e-4565-9f5d-6ba67abb488d,4.0,Middle pattern wind rise list page medical determine.,55.0,Female,Eastern
f8795951-6066-4129-a421-c5cd61389b03,1.0,Piece school green drive reduce determine shoulder decide level then reduce.,55.0,Female,Eastern
f656205b-fc61-4b6d-85f8-660d4e403a0e,1.0,Truth science huge treatment region pick blood current standard west.,24.0,Other,Western
6f447d5c-0e30-46ae-a8b6-9abaf5a96c5f,2.0,Pressure company its water skill option gun federal enjoy line ability include would.,24.0,Female,Central
56dcd6af-b1aa-4d81-811e-55e7ed0ab7ad,4.0,Paper management size several suddenly eat.,54.0,Other,Eastern
71f7a2f7-1bc8-41ca-9dde-5fbb23027999,4.0,Set up far respond bag claim to pretty cup hear her.,24.0,Male,Eastern
39bcf347-4b42-418c-9801-7250636117f5,1.0,Paper pass these first middle detail.,36.0,Male,Western
79fcd8bd-f5ab-49db-b4c8-05dc38530d4e,4.0,Remember wrong different can kid couple from month young.,52.0,Other,Rift Valley
17e7f55a-9cee-4050-abdf-0c873f4bf3e7,2.0,Art phone determine land growth bed standard entire public base class method discuss.,40.0,Female,Coast
b1ffe9e4-786c-4167-b737-d498413b1511,2.0,Painting tell again enter them adult.,44.0,Male,Eastern
c453eec6-df91-46c7-af5a-ce62273e2906,3.0,Production fund through never decision dog professor lay sense the lay thank few.,34.0,Other,Western
6c705b6a-4446-4e38-80e0-29ec584b0705,,Test agreement almost fear seek performance see thousand anyone wonder according.,42.0,Female,Rift Valley
8996e926-5977-4b96-a1b9-1adb32a4f225,3.0,Eat guy table attack politics along.,59.0,Male,Rift Valley
214fd8b2-a5ec-449f-bdda-938227f5e72a,1.0,Pick listen question attention enough catch become seven team member hope most skill.,49.0,Other,Rift Valley
1b8088c9-a9bd-47ee-9e2a-7d2f5652e092,3.0,Standard change easy action newspaper world need rock road.,54.0,Other,Eastern
fe06df8f-e5a9-4ea3-8357-b78c2a8f11ba,3.0,Season art draw material fine we single later tree property.,56.0,Other,Western
0795c630-10d3-4943-96d7-ff7070ad9dfe,1.0,Provide should best final just physical whom hand water improve.,48.0,Other,Coast
fad034b1-3345-479e-a637-ce1c94655098,3.0,Commercial growth audience consumer even board actually director.,20.0,Female,Central
f0f5ac15-50ce-4722-98e4-27bf9d03b9fb,2.0,A throw air list air short keep not air worry because.,29.0,Other,Central
5b3871b1-51d1-46d2-9991-c8d51b649df8,1.0,Send floor house since fly onto agreement try.,35.0,Other,Rift Valley
e591d4a7-07ea-4ab0-9af7-620ac38e284f,4.0,Result anything sign white page set own simply.,43.0,Other,Coast
cc5445dd-481f-4acf-b4a3-fa73af30631a,3.0,,27.0,Other,Nyanza
57b672f4-93ea-42a1-8625-47b4b56a87f9,2.0,Weight drop along truth state say past both nice ability five church set.,57.0,Male,Nyanza
ab2d8cc9-481a-4555-92d3-1b68cccf877b,4.0,Sometimes themselves painting indicate pattern boy government little week cup just.,56.0,Other,Rift Valley
5dfa1374-1e08-4361-a2fd-95becbc82be5,1.0,Civil various another attention them set sing far.,61.0,Male,Nyanza
025b27b0-ca3b-4b9c-8cc1-e2a3144ebbf0,1.0,Pressure deal Democrat oil official lead discussion sort condition.,62.0,Female,Western
9c991c0c-896c-496d-a034-02168b191d67,1.0,Nothing policy hospital daughter stuff remain per area phone product.,43.0,Female,Northeastern
ff4edfcd-18f4-4456-91da-5afd65e65b64,2.0,Heavy every try usually add avoid all start act resource enjoy.,20.0,Male,Nairobi
335e9fb1-783a-436e-a725-3835cc497a6f,4.0,Catch resource majority station serve meeting.,43.0,Other,
99073274-7249-457e-8326-4f616173fd34,1.0,Executive letter pay gun our cost.,39.0,Male,Nairobi
e840c2d8-97b3-402c-85c8-d4fcf3fe6e76,2.0,Major wish she kind mother head cold growth notice.,62.0,Male,Nairobi
b7ac9c8b-259d-4135-abbb-4d6f5904ca4a,5.0,Situation vote along level role trip magazine peace idea.,33.0,Male,Central
cf662439-e70c-417e-afd7-5f573c8af34b,2.0,Behind free then high ground month wide piece deep.,21.0,Other,Coast
af408dfd-fe5e-416d-b830-a4902e0a1c16,5.0,Scene direction watch gas deal PM technology item list task else easy thought.,65.0,Other,Rift Valley
b9d9549b-9265-49eb-a2b9-e1335cc53e7e,4.0,,48.0,Male,Rift Valley
6d47307d-d81f-47e9-9a7c-0fdc99a92e41,1.0,Check vote ball education contain cover ability professor role care worry board.,35.0,Female,Central
dc116e54-035b-45e1-a3b5-cd9f776d6e47,1.0,Floor computer agree quickly born month just action event.,41.0,Male,Nyanza
0c10cf72-7e35-4c0c-aee6-2a1fc8bf621e,3.0,How assume cold star let energy begin.,19.0,Female,Nairobi
e20fab90-a9ab-4e1a-8630-1433e44790d1,1.0,Special you outside prevent list degree state perform about.,39.0,Female,Western
f473c844-0038-4f3e-9f0e-22976c48c1d6,4.0,Save seat middle her mind teacher those issue line available section often will.,37.0,Other,Coast
9ae9b4fc-2e02-4c7a-9fde-807ba7a68b7d,2.0,Style smile forward firm member list how.,37.0,Female,Central
5bfe720e-3e95-4793-919b-6a8e2c83304b,4.0,Up man process follow art occur research stay manager father not remember any.,35.0,Male,Nairobi
aa0c308d-3d61-445a-ba37-ed7bafbb7f6b,1.0,Cell early hot say today success official little serious computer address.,49.0,Male,Nyanza
0ae65e61-24bc-4a05-a767-507aa3d9e099,2.0,Grow stop family key picture sport yeah send head myself seat.,62.0,Other,Western
a357c5fd-47c0-4282-9d68-addd26f1681e,4.0,,61.0,Female,Northeastern
c0f1e992-62a4-4b8d-b3e1-925c063b3d7c,1.0,Special throw chair glass carry spring born year thought expect north group.,24.0,Male,Eastern
966cfc4b-c0e6-4c89-9c49-7c28212971a1,1.0,Notice opportunity someone most summer when offer another record tree better.,32.0,Female,Rift Valley
cc340a83-effe-4e9e-ac12-d6e48d089ffc,1.0,Than treat house whatever different never interview.,26.0,Female,Nyanza
bcd0ebd9-b90d-4bf4-b2d4-92d4975c40aa,3.0,Congress clear activity low bill fast choice.,37.0,Other,Northeastern
fe9aec15-e1d1-4027-a382-52a10d698594,3.0,Place shoulder create help price subject.,65.0,Male,Nyanza
6bafaa0e-a4e1-4223-80d7-086df71d984a,3.0,Education the turn cell society issue sound establish support establish.,46.0,Male,Nairobi
765bb023-adf6-4089-b96d-7c743c3a4341,2.0,Dog significant there score week reason how space current claim organization staff side.,38.0,Male,Northeastern
969fa967-0c35-4f52-9321-0778b185e01c,4.0,Traditional information word trouble add door behavior.,35.0,Female,Coast
87cd3d28-d4c8-42f1-8be7-a0b5304debc7,2.0,Perform senior recently project until other.,64.0,Other,Central
,2.0,Property image single example care resource people.,44.0,Male,Nairobi
6cfb239f-3086-46e9-8f0d-940e90e7dc67,1.0,Story management admit amount born cover reality upon wear oil something.,56.0,Other,Rift Valley
66d7cc1e-6c77-41ae-b22a-35b97421daa5,5.0,Car total get operation citizen everything popular leg such case would.,59.0,Other,Eastern
f04c43c3-7860-45c6-931c-a2b485bca3d8,5.0,Pick more same nature generation rise pressure minute owner send through.,23.0,Other,Coast
3626fc45-ae44-4bda-abec-74c56eecf214,1.0,Success this task administration third set safe tonight billion though set box.,30.0,Female,Nyanza
c3e2e2c2-6542-4d77-9468-5289265bf801,5.0,Force hair no energy interesting develop land coach operation another.,46.0,Female,Central
c029abc0-246f-438d-82eb-b1d5d8579613,2.0,Lose what even note involve simple hope so even.,31.0,Other,Western
4e3691e1-9ac3-4e7f-9f21-3a0015050310,4.0,Recent heavy way stand our remember pull support return walk skin take.,44.0,Other,Rift Valley
ad7bb951-057a-4784-890e-822ad27cee54,3.0,Would certainly radio market those hair try allow a represent window catch bag.,65.0,Female,Eastern
722241b2-77b4-4475-aa3b-5887a0aff68f,2.0,High blue much choice accept trade everything also woman eat movement.,49.0,Male,Nairobi
c225d556-4fa3-45ba-870c-9f2b09f1da4e,2.0,Mind pretty arrive six whose research condition even computer particularly blue long gun.,51.0,Other,Coast
b24b4ab7-26d5-4a2f-9e74-1d249cf145e6,4.0,Seek bit fast nice too professional recognize dog choice.,41.0,Female,Western
a023be21-d713-41d9-8d3a-eb891e009d3d,5.0,Beyond about fly specific money push set star one any chair.,21.0,Other,Eastern
10439be8-399e-429a-b602-0c2de33636e3,4.0,Yeah keep future single because team pull push local nor modern financial our.,50.0,Male,Nyanza
51fd5c99-0f56-4343-a2ed-5311fcd0898c,2.0,Build he simply sure single mean too.,28.0,Male,Western
b8e6890b-e586-4965-a008-824614f51f3e,1.0,Fear avoid for sister loss maybe side alone just.,22.0,Other,Nairobi
3614fc5d-d285-4898-bd73-c1cb4113a0b4,1.0,Actually ahead or ten both especially certainly beat born space bill simply.,37.0,Male,Western
ece3b3ee-ca7f-48cf-807f-32a7b515997a,2.0,Growth almost expect sense growth only probably almost will doctor.,63.0,,Nyanza
3057228d-4d67-4336-9eb2-f44e01c81e49,1.0,Rich serious growth really measure single.,50.0,,Coast
415cff95-d0a8-4004-a2b6-300477dfd788,5.0,Scene phone kitchen establish news ask.,43.0,Female,Western
de204dbc-281f-40de-b23d-3c9506ee0170,4.0,Cause nearly response understand south general star chair read determine theory still.,26.0,Other,Nyanza
01f4720b-4916-4917-94cd-cb0bc062ee0a,3.0,Four where sort beautiful rather great despite fall scene unit and.,51.0,Other,Eastern
dbcfc212-bcf9-4f8e-90a4-2bf3cc27a752,4.0,Responsibility prepare because history including cut.,54.0,Female,Rift Valley
1b3d386f-d5d0-437e-8003-f94372b65d69,3.0,Attention discover help business relationship with strategy name road.,19.0,Male,Northeastern
096bec31-e03c-4e01-8e8c-8b75f3ad15a3,2.0,Evening eight leader nation almost break cover.,29.0,Female,Central
ac42edd1-898f-4478-a3ed-6578d8b20ecc,2.0,Attack drive need west cover source ground maybe apply early outside some.,30.0,Male,Nairobi
2874f5ad-c2f7-42f9-b47f-be5e3688beef,3.0,Through nation at trouble include since heavy.,30.0,Male,Coast
2feaa1e9-581b-4a13-9b4c-d8173ee53d1f,1.0,Role determine realize behavior free author ever issue first his argue same.,21.0,,Rift Valley
7851767b-bc4e-4e9a-937e-67b93424c88e,2.0,Dinner game hundred side better plan shake can floor condition take.,33.0,Female,Nyanza
9d308986-abd5-4fb8-9503-885f0bd330da,5.0,Him purpose control she behavior phone the stage.,20.0,Female,Rift Valley
8137a333-1aed-4fde-9d7c-85658fde142d,5.0,Score wall father long free dream small view back dinner.,,Female,Western
145fa259-fcf5-4ab2-95e4-8d25d43b8d7c,5.0,Yard lawyer step difference nor recently already measure member whom decade quite sea.,21.0,Female,Northeastern
f97d4ef1-004b-4fa1-aac0-66cd9ecd6f49,5.0,It drive cover memory reach method.,41.0,Male,Nairobi
b914bbca-1850-498f-bc63-460589cce093,3.0,Now wear attorney important book growth.,63.0,Other,Western
fe244949-f3fe-4d9c-90f2-b61238081a3b,1.0,Difference high smile include sing produce analysis.,30.0,Other,Coast
92e2776e-6914-4ccf-a838-98f1f1dc616a,3.0,Street range budget cost when father box.,35.0,Female,Western
e9cbacff-b93d-40df-8c0f-253dc5baa03f,2.0,Painting message beyond clearly radio hour.,41.0,Other,Eastern
5e044ffe-698f-4564-a9a0-d42da9242efe,5.0,System reach choose population evening cut visit lose food.,47.0,Other,Northeastern
2cef8539-a855-420f-80d7-6985a5159d32,5.0,Require enough police share amount book area down.,50.0,Male,Nairobi
1644bab0-a270-48e6-8b0b-90e88e97925a,5.0,Source game break out relationship born end hotel my action picture.,43.0,Male,Central
0760a6b0-ab8c-45e1-9932-2d78b7263563,2.0,Early letter law keep difficult beat.,58.0,Other,Rift Valley
0916122f-339d-4ddd-b802-b00edaf163ae,4.0,Once conference audience man you man tax thank reflect provide key white accept.,25.0,Female,Coast
df1e021b-113c-43bd-8331-9567918d843a,3.0,Four week after every piece reach everything expert local.,61.0,Female,Eastern
3fdcfc9e-054b-41dc-96dc-041d8ef790df,1.0,Itself clearly green rock financial deal late change.,19.0,Male,Western
87198e88-b415-4a04-80e8-831e7a849762,2.0,Cold out town behind turn available yet address morning community.,33.0,Other,Nairobi
d15a9b97-b4bf-4b2a-b1a9-5d44c9d465f1,4.0,Under home little central on long point able road.,41.0,Other,Nairobi
a8d34cd7-a123-443a-8c53-0990518e9ee1,4.0,Yet public direction person unit foot real.,49.0,Other,Nyanza
92fe47b9-4a9b-4435-ab7e-16952a395c86,1.0,Building grow respond itself financial run by we.,56.0,Male,Central
e41646ac-6cb9-455e-b9c6-9c72298702be,2.0,Carry agency idea yet herself partner.,46.0,Male,Northeastern
570398d5-cf97-483f-8fc0-8c514935dac0,4.0,Why professional great fight off however contain floor.,29.0,Other,Coast
9a772b22-0655-4e24-b0fe-a9e0eb3702bc,5.0,Interview professional remain star boy culture parent memory.,48.0,Female,Western
6d00b724-6625-42d0-8768-ec1896bfd43e,1.0,Inside seven nor rise garden reflect total think think eat.,,Female,Central
9c62f64a-4ace-4bbb-bb96-9711a81c1cda,5.0,Huge discover time instead plan near either entire check mention myself president model.,53.0,Male,Nyanza
f25f210c-bbf3-451c-b83e-877c928984d4,1.0,Physical federal happy building together see happy store others spring suddenly ten.,40.0,Female,Coast
8461c528-78cf-4bf8-93dd-c61953b4f42e,3.0,Send TV like outside somebody magazine travel.,40.0,Female,Northeastern
011777a4-027a-4fa8-b448-44bf64a41807,3.0,Position particularly industry bring service present open Mrs according event cover.,28.0,Other,Nairobi
2fc64590-4356-45e0-bcb8-46c26160bcdd,2.0,Firm base wall boy perform before require spring high value.,34.0,Other,Nairobi
62b19cd5-277d-49ce-9186-ba2b8f9309fd,4.0,Would sell story seat trial message answer.,65.0,Female,Northeastern
6f3e1848-4bef-4200-8f1b-c59834a246f1,5.0,Allow her front finish use scientist mean economy on recently participant true drive.,62.0,Male,Central
06f202e0-7ba7-42cb-8ae4-613e5d4c2cf7,4.0,Instead during billion create into power production form because stop action close challenge.,23.0,Other,Coast
791a9609-6e65-4cff-af26-3c1ac1eb87fa,3.0,My step medical hold attack represent hit trial degree myself part.,36.0,Female,Central
cf459db2-f203-4a5a-b87d-86d011eee1f2,5.0,Must simple democratic career standard hope discover such open.,19.0,Other,Nyanza
30f0ec94-4573-4122-b109-2a4499a125aa,2.0,Event nature resource body recently out a I owner land paper small.,42.0,Other,Western
b3aa54f6-69b2-45f8-bac2-fe103010c40c,,Reality best middle will improve especially operation here move.,21.0,Female,
59eb89fb-9ba5-448f-8be8-f6318206b902,1.0,Author food claim whole growth instead admit.,28.0,Female,Northeastern
74747850-672a-445a-af2a-399d07bef2d8,1.0,With money sound positive meet five.,54.0,Male,Nyanza
e6a6f142-0c90-4cbd-a1b1-be4b56369a37,5.0,,31.0,Female,Western
b3799b23-e41d-465e-8a0a-1b5f72984133,1.0,Believe quality trade get knowledge book leave simply through the.,32.0,Other,Nairobi
64b1d0ef-1b23-442e-bfbb-a53bad553f34,1.0,Both son physical stop growth cell you inside recognize very exist class soldier.,59.0,Male,Eastern
,3.0,Edge art little staff opportunity down many tend.,32.0,Female,Northeastern
9d50735d-3eee-4e94-9cfa-42ab30b16eb3,2.0,Expert friend past style call every.,61.0,Other,Central
cf050c7b-6905-4767-825a-9a04c75e9a23,1.0,Crime girl station pull reach teach order learn issue standard.,31.0,Male,Rift Valley
bc316854-a065-4713-b1b5-ffab69f5ab6c,1.0,Service vote relationship look break amount tough camera audience street film.,35.0,Male,Nairobi
786429c4-b02a-47e1-b240-33196578f363,4.0,Million carry than significant become news usually bill ground give act human.,59.0,Male,Nyanza
45d7bdba-1293-468d-8128-851c3e53c484,5.0,Child first community wrong deep condition product report fly response upon.,44.0,Other,Nyanza
2a6b2ffe-ce64-4324-961c-b2de2f64b591,3.0,Yes off door different exist two.,50.0,,Rift Valley
b7bec12f-31a2-4f51-ac21-8ae63f677cda,5.0,Responsibility page thank garden professional capital how.,19.0,Male,Nyanza
4d9cb382-9f30-43ef-af89-7421190a6cca,4.0,Head main nice pull stop audience world education east much option.,61.0,Other,Western
831600fa-f6bc-4a95-8a86-67db5b1d35e5,4.0,Well behavior agency fund everything say travel series everybody later.,,Male,Central
8e599b81-1b0f-4890-96d2-8447e8d22ba5,4.0,Food feel current mention break your myself.,48.0,Male,Northeastern
148680a7-b7f8-4a3e-9c11-ff1dd1f09aa5,1.0,Friend defense with he southern boy voice project point agreement serve.,26.0,Other,Northeastern
06598044-458f-412c-93f8-7a3dd350880e,5.0,Player decision public resource understand stay social appear.,59.0,Other,Nyanza
f0ec77e1-381a-4f77-b8ca-5ebc779c6a2a,5.0,Pick front name painting particular than hand past often they card three law.,29.0,Male,Rift Valley
fafe75db-0368-414f-ad7e-ace025d602e1,5.0,Simply card include guy machine law college.,56.0,Other,Central
cee5eb7e-af2d-4971-99cd-6edce5bc5097,2.0,Feel message head president other cultural morning development.,18.0,Female,Coast
743038a8-a6a3-4f93-beab-a690df6ba001,3.0,Scientist real activity public away several traditional money.,32.0,Male,Central
9662ec74-26e8-43b1-bf32-b0aebc863af0,,Kitchen system interview family human task black catch.,34.0,Male,Nyanza
1cd5f18e-d9c2-4f74-bc17-488861f599dc,3.0,Right bar else one message development rest during bar partner.,56.0,Other,Rift Valley
aa081b65-4394-4bfe-bdcd-d1be583a6556,1.0,Idea skin dream husband out future bar else number local eat.,37.0,Other,Rift Valley
db4afc5a-a0ec-4568-ad9e-e9741ad6bbf1,5.0,Teach respond base quite senior top must leave say top yourself measure people.,63.0,Other,Northeastern
29e182ec-1ed1-484d-9c0c-2a2c9682d3f4,2.0,Thing meeting require inside reach serious subject because tell.,63.0,Female,Nyanza
8a1c2e1b-8c4b-466d-9f58-ef318eb248d7,2.0,Network possible leg rule tree career responsibility only rich surface international seat support.,59.0,Other,Nairobi
a01fcfd8-71d1-47e4-9ad3-06d82bae9221,5.0,Week machine situation face probably employee.,35.0,Male,Eastern
6be088aa-d2cd-4b78-a442-e4bc6216d715,3.0,Chance design him like enough heart.,45.0,Other,Central
079a29c8-4477-4892-a7fd-8c08eb0c95cd,4.0,Toward country data east story laugh wear already program course.,42.0,Other,Nairobi
5be6d9ca-aebc-48f5-a4c6-ab1dc70e2f30,5.0,Participant turn staff recent born travel as industry.,40.0,Male,Northeastern
5c1b05aa-a45c-4377-8bb5-7bf1382c5619,1.0,Exist develop between produce thank mother hot total road shake music area.,47.0,Male,Western
aa4b4ef1-5e61-487a-bb3b-af25df072a15,3.0,Goal choice media specific improve appear bit.,34.0,Female,Northeastern
1dddab9b-349d-4283-a96c-f3803e857573,4.0,Offer course explain bit account carry every herself list worker.,31.0,Other,Coast
09d1542f-1f41-4ff9-9492-ad948cbde73c,2.0,Particular hot by most owner specific let each rest factor.,47.0,Female,Eastern
4be2f3f5-e048-4d61-aa74-94bd65715ddd,1.0,Set policy mission big serious box inside start.,37.0,Male,Western
9cde262b-0efe-41d2-b3e9-915ae8c943c4,2.0,Wrong book authority that bring beautiful.,61.0,Male,Nyanza
30bc6302-308f-4cdf-a741-5ac56c962d3a,1.0,State put allow garden stage yes national international since week.,51.0,Male,Central
ddf9c570-b3ae-486f-a1be-4c852dcf139c,4.0,Music car from heavy wonder time stand.,57.0,Male,Rift Valley
5dc90f3e-3cb1-4604-b4ae-a4c2a9c66142,1.0,Pretty action whole onto each before wrong three age same land ready.,43.0,Male,Northeastern
59ec5408-b112-44a2-81e1-a419b058c39e,4.0,Hotel read issue guy turn interesting.,55.0,Female,Eastern
71a5bdbd-62ce-4563-a0aa-d3c5da783ea6,5.0,Music win condition change space from pull half.,24.0,Other,Northeastern
af8be1ec-17c1-42c3-9c32-6a68bf2d5a3b,5.0,Computer live hospital apply address during small address remain.,18.0,Male,Coast
f1660ae0-347b-42a7-84b6-5393937c6735,1.0,A take design ok believe ago these too.,50.0,Other,Coast
3e14a9e0-3bdc-4c44-be87-88b15f16668f,3.0,Avoid food produce skill outside they.,60.0,Male,Coast
2063cafd-1ae3-4efb-8b74-1a48a2c2d3b2,2.0,Name professional bar will without mother perhaps inside night open.,41.0,Female,Nairobi
6593186e-12dd-43c3-bbfe-218a92e167bc,1.0,Age open between church sometimes successful pay analysis perform recent leave.,53.0,Female,Central
3b984728-e067-41d8-b35d-36f97f6851ad,1.0,Interesting father poor walk network color almost inside accept.,59.0,Female,Central
59c2622f-6f34-4d5e-a670-4e34e160f517,2.0,Popular manager computer soldier at then make yard.,56.0,Female,Nairobi
f5079433-9a90-47bc-bc14-f131157f0f0f,1.0,Eat resource from recent whom writer speak.,56.0,Other,Western
e603ec6e-1e9e-4159-8f95-d9a52afe6ad2,2.0,Old chair drive full sit up day to tough star.,36.0,Female,Coast
b3327280-4908-4e4a-a3ec-e71092d59e69,4.0,Feeling race while fall child movement him claim garden interest government animal rate chance.,37.0,Female,Nyanza
94b5550e-dae8-4f72-bd89-23a0da39beb1,3.0,White get guess new away civil book return order wife old.,61.0,Female,Western
,5.0,Truth information now news everything whole bill list.,24.0,Male,Coast
d6c0eb6c-e614-4826-8505-2811458eb0ed,5.0,Civil through identify wait interesting upon pick system Republican.,48.0,Female,Nairobi
c511585e-2167-4518-b869-644613c9a511,3.0,But sell painting reveal table board probably shake.,22.0,Other,Eastern
f5c2eb11-39a5-4ade-ab2c-887e1aa9c430,2.0,Tax benefit people wife help capital hit gas.,39.0,Male,Nyanza
0ac99ce3-1971-4079-9635-3d38a7337949,3.0,Moment daughter fast set quite able book lose page force group.,35.0,Other,Rift Valley
e5e7397d-52a4-4726-ab35-2130b89bc225,2.0,Grow type order performance accept seem action law compare feeling condition prevent.,58.0,Male,Nairobi
650d124f-d8b1-4354-ba1c-8e33c5824baa,3.0,Describe research question federal personal act rock want performance tell drug final.,38.0,Other,Northeastern
996bf42f-3a4f-44d1-a94d-da95a4fabc4c,1.0,Than right truth responsibility glass both themselves among smile way near camera.,35.0,Other,Western
3c5c2a39-a0e2-4dd4-9f08-6d3d4f00c28a,1.0,Risk charge fall door collection detail break skin perhaps myself collection wrong force.,34.0,Other,Coast
436fb9f6-5a2b-4dd9-92ba-78c156591143,3.0,Rich grow Mr evidence dinner their.,59.0,Male,Nairobi
1d8bb23d-559c-4a81-87c4-14ccd51ebe18,4.0,Choose laugh dream wind question until discover event floor film include.,63.0,Other,Western
57c4f37b-b1f4-4be3-ba67-c866cfa2d7ab,3.0,Name main we best soon change son course know.,59.0,Other,Nyanza
93cd901e-64b5-4b8a-9322-24da477826e0,5.0,Subject operation woman sister everybody skill day school deep produce.,37.0,Male,Coast
bcb46d28-745e-43cb-bb13-ec520919e0c4,1.0,Measure physical close involve that because.,30.0,Other,Nyanza
c0870de7-f6de-41fe-8992-8d7007b9b5f0,3.0,President develop however nice economy we however present site.,27.0,Male,Nairobi
15ed2987-0b40-4ea0-95bd-13b63d44453f,5.0,Than call environmental they once national move human.,,Female,Northeastern
8432b9ad-8397-43f0-830e-b0b76182c572,1.0,Decision popular either top friend road base significant.,33.0,Other,Eastern
c97c13e0-4f87-4988-aae2-ab36e6893496,4.0,And phone open major claim give mouth same town Congress.,21.0,Male,Northeastern
d9763451-4086-4c00-a473-f5765106c175,4.0,Lawyer environmental story anything begin around view buy sort success least.,56.0,Female,
d6c355a4-59a6-4f79-9fb9-64103fe24ec9,5.0,Talk father adult chance question move picture every century range.,43.0,Other,Rift Valley
7cd839ea-afd0-47c7-a4ef-1e2f5156ccaf,3.0,Man should growth course reach we.,,Female,Nairobi
49f86843-110c-416b-be28-9f7b044818cf,1.0,Floor clear instead course on popular dark none south explain she rule.,38.0,Other,Coast
b40ccdd0-569a-46c2-8929-1de71503c5e0,4.0,Unit maintain another suffer respond picture hand program push appear with ability.,61.0,Male,Rift Valley
e9b20cb4-2bf7-49df-bc88-9b49b3cf23f6,5.0,If economic strategy without mean she total eat week third.,26.0,Female,Coast
4a15e221-dfb2-4fa2-bec1-b3bfb9dd8d8b,2.0,Foot threat bit particularly shake him practice line important.,64.0,Female,Western
32912607-d2b6-4630-9f62-8101195d2e41,3.0,Different company since he rich section together direction up appear value.,19.0,Female,Coast
bf2a542c-b607-42f4-be18-9383f25e1228,2.0,Current group watch mention audience floor paper sometimes down party help local skin.,59.0,Female,Coast
b7c648e4-884a-4cd0-b9aa-4c6412843e7d,3.0,Mouth why must on own they.,49.0,Other,Western
406144b5-255b-4d4a-9be7-bbda86619f08,1.0,Hospital will public physical physical result.,36.0,Male,Eastern
42c34ab7-0745-495b-9c9a-b04d1078022a,5.0,Deal whatever husband later common type where trip interest remain fine.,34.0,Female,Western
7175f748-c1b3-4151-8429-03645f220632,1.0,Director parent tough ahead front kid drive interesting.,44.0,Male,Western
cbbdb281-7976-44c5-bb9e-bf8783580e4a,2.0,Significant necessary someone factor year party friend last.,43.0,Other,Western
a6e97453-940e-492e-bb2e-161bd38d7b76,5.0,Effort place eight white among news.,42.0,Male,Central
42819dd5-5c03-4a37-9756-a1faa5b681fa,1.0,Debate quality heavy account table shoulder impact own although note very though.,65.0,Male,Eastern
bcf260c9-fdb0-416d-ae3d-b4d11d2b0d4a,1.0,Cup show apply go red positive law particularly around street forget suffer party.,20.0,Other,Coast
deeaf110-48b9-4b18-a287-6772f74acc19,1.0,Choice cold drive mission perhaps down sort natural side better recognize budget.,55.0,Female,Northeastern
17aef9d3-7f9e-4de4-8714-5dc83c00967a,2.0,Land source north indeed present pay than prevent message.,63.0,Other,Nyanza
e8d9accc-5155-4214-862e-b847a0a1fc9c,1.0,Both free quite shake very since better or.,54.0,Female,Eastern
68f5b713-bba5-48eb-ac81-a4434527b513,4.0,Continue city owner foreign statement finish American between learn any.,30.0,Other,Coast
b1c0ff10-b235-4990-ad99-fb7199f322fa,3.0,Instead character their cost seem himself talk outside general.,39.0,Male,Central
f90d44c7-e1fa-4e3e-be23-6c7c0722fc31,4.0,Quite avoid lot theory role even group vote too about.,64.0,Female,Central
23ea2d02-4423-4084-8267-7d43f524dcec,2.0,Throw reach education matter produce mind green community place soon seat president table.,63.0,Other,Eastern
baa90ddb-defc-491e-b8d4-9a54d7175bb0,2.0,Trial bag policy machine director loss future.,32.0,Other,Northeastern
3b0de581-c153-48cc-84f1-b3c73e790c37,1.0,Ready heart professional true leg blue across.,61.0,Other,Central
a5794347-05a2-4e7e-9b6d-b3bff36539cf,5.0,Force certain daughter within of teach serve.,52.0,Female,Nyanza
4b491a87-dc17-4ee7-b57c-ad283b0833c9,4.0,Wife sort energy class artist identify however arm.,58.0,Male,Northeastern
41a095d0-accf-49fa-92a8-4c74ea92dafd,2.0,Pick learn they prove just certain stand couple star.,48.0,Other,Northeastern
589087f7-c036-41e0-bc97-1050dcbc319c,,Standard school skill cultural section offer.,60.0,Other,Northeastern
bfd6511a-f953-4f1e-9cc1-3a2a2213f8e0,2.0,Pick marriage finish glass member it situation whether front treat.,40.0,Male,Northeastern
3179da0d-71c7-44c6-b5cd-887d216829d3,4.0,Arrive individual teacher between art food particular walk part.,50.0,Male,Eastern
b3afb942-8aad-45bc-8c7e-866ca627ae16,3.0,Contain low expect offer six total rest chair population something forward hundred Republican.,37.0,Male,Eastern
141cbf14-e3b8-4795-8f88-ec54d7f55645,3.0,Field beautiful position western picture bar ball response suffer.,28.0,Male,Northeastern
f7c84f2a-13c8-4817-b95a-c50ed0f34b88,1.0,Know art source bring up adult speak ground.,60.0,Other,Western
627c49c3-2e07-48a3-b9c2-9e6a3ba469b6,5.0,Coach single one short federal throw Democrat on actually environmental join.,53.0,Other,Western
38b59667-a392-44af-b2ca-90102cfb0bf5,3.0,Else service ability wrong picture forget bad front moment surface reflect.,29.0,Female,Eastern
b01c52ac-3003-46ee-b099-a106c96760ee,1.0,Computer art because Democrat loss purpose about best.,36.0,Other,Rift Valley
2712509f-3dbf-4949-b692-5d9b648fd1d9,5.0,Two issue manager decision page marriage nature return case standard home approach main.,24.0,Other,Northeastern
b68649c3-fa4f-40b0-969f-36f9375c5462,1.0,Method southern whom spring plan six attack.,48.0,Male,Nyanza
720ed6e9-5858-4d99-9d22-628e345790c8,2.0,Particular city parent somebody class be race wait detail.,26.0,Female,Nyanza
cad9db88-fc21-47e0-87a5-d0c87131ad0c,2.0,,,Male,Eastern
c95ee679-f12a-4d52-abc5-ea1efe00c658,5.0,Radio chair natural example instead card black check wear PM.,34.0,Other,Nairobi
dcd0cada-196d-4f5a-8856-f2fce5de8da3,1.0,Many prepare agree capital attorney everybody herself Mr assume team miss leg shake.,64.0,Other,Nairobi
7c6141a2-1f27-4d71-a6f3-d0b4b824541f,4.0,,53.0,Other,Rift Valley
241861db-d52b-482f-a43d-56f3519062d1,1.0,Later goal Congress recognize his eye.,29.0,Female,Nairobi
5d0b76db-8dc8-4796-aa3a-7da728c25b16,4.0,If his should idea cut simple arm nearly.,61.0,Male,Central
2d1a2c90-8cc0-429e-8550-17f2f43aecda,3.0,Defense response test herself land gun hard cut here.,39.0,,Rift Valley
,3.0,Stop quite pretty future mission low.,59.0,Other,Nairobi
2eb98080-8741-436a-a677-cd9d27ba8f9c,3.0,Relationship represent recent sport where law above.,23.0,Other,Rift Valley
5214364b-3bba-445b-ba2e-91ae322a7aa1,1.0,Process letter PM economy simply building official trade fund although long little before.,32.0,Male,Western
278ea6d5-d194-47e6-9201-b869a4ff4003,5.0,Baby color issue capital beautiful result rule us make debate.,40.0,Male,Western
1a57ebfb-1a6b-4548-838d-2526f2e32819,4.0,Certainly choose event report likely public shoulder research religious find run degree young.,32.0,Male,Northeastern
1ecbbec9-ae4c-4d52-86a0-96ec25b3baff,1.0,Politics simply how she eat environment crime seem.,65.0,Male,Nairobi
80f463a8-9348-4607-915f-e85676b2beab,3.0,Gun national fund simple growth through owner whose.,37.0,Other,Rift Valley
947fc18a-35a6-49a3-9df2-02e5825fc45c,2.0,Reason stay college generation through huge former him six magazine baby skin.,,Female,Central
54f9cf91-c28f-4e53-9737-ecec48200519,3.0,Morning agent organization new evidence section about west end meet.,39.0,Male,Coast
d08a47a1-a933-49bf-9e9a-ddc40980b868,5.0,Lay begin mention else air attention concern practice street red spring interview.,41.0,Male,Nairobi
e4d864f3-965e-4202-8af2-ab2173eb7a95,3.0,Able wear organization capital cup sort score conference three.,34.0,Male,Nyanza
4a292f82-f557-4910-8f0b-2e05088adca3,5.0,Me along policy mind real whose receive name worker prepare.,55.0,Other,Northeastern
a6b8d24e-c7ff-453f-8027-27694ba127ca,2.0,Police case away trip address behavior evening.,36.0,Other,Central
01aa3e4a-3c47-4f77-b128-a3330b5c9eb4,4.0,Science exactly tax thought term become score without where get.,47.0,Male,Central
35d9faf2-0a17-4efa-a882-0b32ae5815e8,3.0,Owner material protect way wish surface parent participant local.,25.0,Other,Rift Valley
,5.0,Choice interest meet difference political table itself see.,48.0,,Northeastern
a19d4c1a-6de1-42b5-8d23-1f5cbba05dea,4.0,Pm spend lead media training however drug role watch allow no.,21.0,Other,Western
ac99743b-f005-4047-9576-3d2319955b77,2.0,Other glass special partner current home unit enough soldier condition option just.,58.0,Other,Western
c26d250f-0bc0-491d-bf92-8ed6aaaf11ae,5.0,Bring act remember somebody choose wish unit wall because case task low foreign.,55.0,Male,
a1cb6aa0-5858-47f1-9cf2-d4a9759a86e0,2.0,Tree success arm national subject especially one measure fine method from coach personal.,55.0,Female,Rift Valley
043c20ba-a7ed-4121-9ab0-e857db81e84a,2.0,Government nothing federal baby hard role party effort manager image keep page job.,57.0,Other,Coast
f05db2f3-7d4b-478d-9ba6-5eb920c315ce,1.0,Contain reach do fact certainly news whom measure up figure.,22.0,Male,Eastern
b746decc-a361-43a9-8642-2090dfbb7ce8,4.0,Ask affect stop different position let education range pressure such half tend open.,48.0,Female,Western
